Workbook

Sheet Resumen
A1: Reporte técnico · Meta Ads · Sunny Bliss
A2: Periodo: 2026-09-30 a 2026-10-29 · cuenta act_406803358900425
A4: Métrica | B4: Valor
A5: Gasto (USD) | B5: =Diario!B32
A6: Impresiones | B6: =Diario!C32
A7: Clics en enlace | B7: =Diario!F32
A8: Landing page views | B8: =Diario!G32
A9: Leads (Meta) | B9: =Diario!H32
A10: Interacciones | B10: =Diario!I32
A11: Reproducciones 3 s | B11: =Diario!N32
A12: ThruPlay | B12: =Diario!S32
A13: CTR enlace | B13: =Diario!U32
A14: CPM (USD) | B14: =Diario!V32
A15: CPC enlace (USD) | B15: =Diario!W32
A16: CPL Meta (USD) | B16: =Diario!X32
A17: Clic → LPV | B17: =Diario!Y32
A18: LPV → lead | B18: =Diario!Z32
A19: Hook rate (3 s / imp.) | B19: =Diario!AB32
A20: Retención 100% / 3 s | B20: =Diario!AC32
A21: Alcance (personas únicas) | B21: 40443
A22: Frecuencia | B22: =IF(B21>0,B6/B21,"")
A24: Notas
A25: Fuente: Meta Marketing API (atribución por defecto de la cuenta). Pueden variar levemente frente a Ads Manager.
A26: Tasas calculadas con fórmulas en cada hoja: CTR = clics en enlace / impresiones; CPL Meta = gasto / leads de Meta.
A27: Lead (Meta) cuenta todo formulario enviado; la calidad real está en la hoja 'Calidad de leads' (GHL).
A28: Alcance no es sumable entre segmentos; el total de cada hoja lo omite.

Sheet Diario
A1: Fecha | B1: Gasto (USD) | C1: Impresiones | D1: Alcance | E1: Clics (todos) | F1: Clics en enlace | G1: Landing page views | H1: Leads (Meta) | I1: Interacciones | J1: Reacciones | K1: Comentarios | L1: Compartidos | M1: Guardados | N1: Reproducciones 3 s | O1: Video 25% | P1: Video 50% | Q1: Video 75% | R1: Video 100% | S1: ThruPlay | T1: Frecuencia | U1: CTR enlace | V1: CPM (USD) | W1: CPC enlace (USD) | X1: CPL Meta (USD) | Y1: Clic → LPV | Z1: LPV → lead | AA1: Tasa de interacción | AB1: Hook rate (3 s / imp.) | AC1: Retención 100% / 3 s
A2: 2026-09-30 | B2: 136.19 | C2: 2991 | D2: 2140 | E2: 76 | F2: 34 | G2: 0 | H2: 12 | I2: 234 | J2: 7 | K2: 0 | L2: 0 | M2: 0 | N2: 193 | O2: 151 | P2: 99 | Q2: 69 | R2: 44 | S2: 53 | T2: =IF(D2>0,C2/D2,"") | U2: =IF(C2>0,F2/C2,"") | V2: =IF(C2>0,B2/C2*1000,"") | W2: =IF(F2>0,B2/F2,"") | X2: =IF(H2>0,B2/H2,"") | Y2: =IF(F2>0,G2/F2,"") | Z2: =IF(G2>0,H2/G2,"") | AA2: =IF(C2>0,I2/C2,"") | AB2: =IF(C2>0,N2/C2,"") | AC2: =IF(N2>0,R2/N2,"")
A3: 2026-10-01 | B3: 152.03 | C3: 6279 | D3: 5104 | E3: 94 | F3: 72 | G3: 1 | H3: 8 | I3: 182 | J3: 2 | K3: 1 | L3: 0 | M3: 1 | N3: 106 | O3: 88 | P3: 60 | Q3: 34 | R3: 22 | S3: 29 | T3: =IF(D3>0,C3/D3,"") | U3: =IF(C3>0,F3/C3,"") | V3: =IF(C3>0,B3/C3*1000,"") | W3: =IF(F3>0,B3/F3,"") | X3: =IF(H3>0,B3/H3,"") | Y3: =IF(F3>0,G3/F3,"") | Z3: =IF(G3>0,H3/G3,"") | AA3: =IF(C3>0,I3/C3,"") | AB3: =IF(C3>0,N3/C3,"") | AC3: =IF(N3>0,R3/N3,"")
A4: 2026-10-02 | B4: 116.69 | C4: 4063 | D4: 3429 | E4: 112 | F4: 70 | G4: 16 | H4: 11 | I4: 183 | J4: 5 | K4: 1 | L4: 1 | M4: 0 | N4: 106 | O4: 84 | P4: 51 | Q4: 27 | R4: 13 | S4: 18 | T4: =IF(D4>0,C4/D4,"") | U4: =IF(C4>0,F4/C4,"") | V4: =IF(C4>0,B4/C4*1000,"") | W4: =IF(F4>0,B4/F4,"") | X4: =IF(H4>0,B4/H4,"") | Y4: =IF(F4>0,G4/F4,"") | Z4: =IF(G4>0,H4/G4,"") | AA4: =IF(C4>0,I4/C4,"") | AB4: =IF(C4>0,N4/C4,"") | AC4: =IF(N4>0,R4/N4,"")
A5: 2026-10-03 | B5: 108.09 | C5: 3550 | D5: 2417 | E5: 87 | F5: 58 | G5: 35 | H5: 5 | I5: 122 | J5: 3 | K5: 2 | L5: 1 | M5: 1 | N5: 57 | O5: 38 | P5: 26 | Q5: 18 | R5: 12 | S5: 18 | T5: =IF(D5>0,C5/D5,"") | U5: =IF(C5>0,F5/C5,"") | V5: =IF(C5>0,B5/C5*1000,"") | W5: =IF(F5>0,B5/F5,"") | X5: =IF(H5>0,B5/H5,"") | Y5: =IF(F5>0,G5/F5,"") | Z5: =IF(G5>0,H5/G5,"") | AA5: =IF(C5>0,I5/C5,"") | AB5: =IF(C5>0,N5/C5,"") | AC5: =IF(N5>0,R5/N5,"")
A6: 2026-10-04 | B6: 164.01 | C6: 5621 | D6: 3609 | E6: 175 | F6: 138 | G6: 73 | H6: 10 | I6: 205 | J6: 5 | K6: 0 | L6: 1 | M6: 0 | N6: 61 | O6: 36 | P6: 30 | Q6: 11 | R6: 7 | S6: 13 | T6: =IF(D6>0,C6/D6,"") | U6: =IF(C6>0,F6/C6,"") | V6: =IF(C6>0,B6/C6*1000,"") | W6: =IF(F6>0,B6/F6,"") | X6: =IF(H6>0,B6/H6,"") | Y6: =IF(F6>0,G6/F6,"") | Z6: =IF(G6>0,H6/G6,"") | AA6: =IF(C6>0,I6/C6,"") | AB6: =IF(C6>0,N6/C6,"") | AC6: =IF(N6>0,R6/N6,"")
A7: 2026-10-05 | B7: 137.59 | C7: 3993 | D7: 2423 | E7: 89 | F7: 50 | G7: 19 | H7: 9 | I7: 180 | J7: 9 | K7: 0 | L7: 1 | M7: 2 | N7: 118 | O7: 87 | P7: 65 | Q7: 35 | R7: 23 | S7: 27 | T7: =IF(D7>0,C7/D7,"") | U7: =IF(C7>0,F7/C7,"") | V7: =IF(C7>0,B7/C7*1000,"") | W7: =IF(F7>0,B7/F7,"") | X7: =IF(H7>0,B7/H7,"") | Y7: =IF(F7>0,G7/F7,"") | Z7: =IF(G7>0,H7/G7,"") | AA7: =IF(C7>0,I7/C7,"") | AB7: =IF(C7>0,N7/C7,"") | AC7: =IF(N7>0,R7/N7,"")
A8: 2026-10-06 | B8: 125.93 | C8: 2556 | D8: 1971 | E8: 69 | F8: 46 | G8: 18 | H8: 3 | I8: 296 | J8: 1 | K8: 0 | L8: 1 | M8: 1 | N8: 247 | O8: 207 | P8: 111 | Q8: 57 | R8: 32 | S8: 36 | T8: =IF(D8>0,C8/D8,"") | U8: =IF(C8>0,F8/C8,"") | V8: =IF(C8>0,B8/C8*1000,"") | W8: =IF(F8>0,B8/F8,"") | X8: =IF(H8>0,B8/H8,"") | Y8: =IF(F8>0,G8/F8,"") | Z8: =IF(G8>0,H8/G8,"") | AA8: =IF(C8>0,I8/C8,"") | AB8: =IF(C8>0,N8/C8,"") | AC8: =IF(N8>0,R8/N8,"")
A9: 2026-10-07 | B9: 108.92 | C9: 5114 | D9: 2482 | E9: 80 | F9: 58 | G9: 19 | H9: 6 | I9: 208 | J9: 3 | K9: 0 | L9: 1 | M9: 1 | N9: 145 | O9: 120 | P9: 60 | Q9: 29 | R9: 16 | S9: 18 | T9: =IF(D9>0,C9/D9,"") | U9: =IF(C9>0,F9/C9,"") | V9: =IF(C9>0,B9/C9*1000,"") | W9: =IF(F9>0,B9/F9,"") | X9: =IF(H9>0,B9/H9,"") | Y9: =IF(F9>0,G9/F9,"") | Z9: =IF(G9>0,H9/G9,"") | AA9: =IF(C9>0,I9/C9,"") | AB9: =IF(C9>0,N9/C9,"") | AC9: =IF(N9>0,R9/N9,"")
A10: 2026-10-08 | B10: 137.14 | C10: 4853 | D10: 3580 | E10: 238 | F10: 113 | G10: 17 | H10: 67 | I10: 196 | J10: 7 | K10: 1 | L10: 4 | M10: 1 | N10: 70 | O10: 47 | P10: 28 | Q10: 20 | R10: 9 | S10: 15 | T10: =IF(D10>0,C10/D10,"") | U10: =IF(C10>0,F10/C10,"") | V10: =IF(C10>0,B10/C10*1000,"") | W10: =IF(F10>0,B10/F10,"") | X10: =IF(H10>0,B10/H10,"") | Y10: =IF(F10>0,G10/F10,"") | Z10: =IF(G10>0,H10/G10,"") | AA10: =IF(C10>0,I10/C10,"") | AB10: =IF(C10>0,N10/C10,"") | AC10: =IF(N10>0,R10/N10,"")
A11: 2026-10-09 | B11: 132.22 | C11: 6037 | D11: 4613 | E11: 298 | F11: 128 | G11: 6 | H11: 76 | I11: 214 | J11: 14 | K11: 0 | L11: 1 | M11: 5 | N11: 66 | O11: 36 | P11: 21 | Q11: 9 | R11: 8 | S11: 12 | T11: =IF(D11>0,C11/D11,"") | U11: =IF(C11>0,F11/C11,"") | V11: =IF(C11>0,B11/C11*1000,"") | W11: =IF(F11>0,B11/F11,"") | X11: =IF(H11>0,B11/H11,"") | Y11: =IF(F11>0,G11/F11,"") | Z11: =IF(G11>0,H11/G11,"") | AA11: =IF(C11>0,I11/C11,"") | AB11: =IF(C11>0,N11/C11,"") | AC11: =IF(N11>0,R11/N11,"")
A12: 2026-10-10 | B12: 98.76 | C12: 2598 | D12: 2114 | E12: 55 | F12: 26 | G12: 7 | H12: 8 | I12: 96 | J12: 0 | K12: 0 | L12: 1 | M12: 1 | N12: 68 | O12: 51 | P12: 35 | Q12: 21 | R12: 11 | S12: 28 | T12: =IF(D12>0,C12/D12,"") | U12: =IF(C12>0,F12/C12,"") | V12: =IF(C12>0,B12/C12*1000,"") | W12: =IF(F12>0,B12/F12,"") | X12: =IF(H12>0,B12/H12,"") | Y12: =IF(F12>0,G12/F12,"") | Z12: =IF(G12>0,H12/G12,"") | AA12: =IF(C12>0,I12/C12,"") | AB12: =IF(C12>0,N12/C12,"") | AC12: =IF(N12>0,R12/N12,"")
A13: 2026-10-11 | B13: 134.37 | C13: 2645 | D13: 2042 | E13: 69 | F13: 31 | G13: 9 | H13: 6 | I13: 111 | J13: 5 | K13: 0 | L13: 0 | M13: 1 | N13: 74 | O13: 50 | P13: 34 | Q13: 13 | R13: 5 | S13: 13 | T13: =IF(D13>0,C13/D13,"") | U13: =IF(C13>0,F13/C13,"") | V13: =IF(C13>0,B13/C13*1000,"") | W13: =IF(F13>0,B13/F13,"") | X13: =IF(H13>0,B13/H13,"") | Y13: =IF(F13>0,G13/F13,"") | Z13: =IF(G13>0,H13/G13,"") | AA13: =IF(C13>0,I13/C13,"") | AB13: =IF(C13>0,N13/C13,"") | AC13: =IF(N13>0,R13/N13,"")
... A31: 2026-10-29 | B31: 68.88 | C31: 3035 | D31: 2314 | E31: 56 | F31: 34 | G31: 0 | H31: 5 | I31: 204 | J31: 1 | K31: 1 | L31: 0 | M31: 0 | N31: 168 | O31: 89 | P31: 66 | Q31: 31 | R31: 24 | S31: 41 | T31: =IF(D31>0,C31/D31,"") | U31: =IF(C31>0,F31/C31,"") | V31: =IF(C31>0,B31/C31*1000,"") | W31: =IF(F31>0,B31/F31,"") | X31: =IF(H31>0,B31/H31,"") | Y31: =IF(F31>0,G31/F31,"") | Z31: =IF(G31>0,H31/G31,"") | AA31: =IF(C31>0,I31/C31,"") | AB31: =IF(C31>0,N31/C31,"") | AC31: =IF(N31>0,R31/N31,"")
A32: Total | B32: =SUM(B2:B31) | C32: =SUM(C2:C31) | E32: =SUM(E2:E31) | F32: =SUM(F2:F31) | G32: =SUM(G2:G31) | H32: =SUM(H2:H31) | I32: =SUM(I2:I31) | J32: =SUM(J2:J31) | K32: =SUM(K2:K31) | L32: =SUM(L2:L31) | ... S32: =SUM(S2:S31) | T32: =IF(D32>0,C32/D32,"") | U32: =IF(C32>0,F32/C32,"") | V32: =IF(C32>0,B32/C32*1000,"") | W32: =IF(F32>0,B32/F32,"") | X32: =IF(H32>0,B32/H32,"") | Y32: =IF(F32>0,G32/F32,"") | Z32: =IF(G32>0,H32/G32,"") | AA32: =IF(C32>0,I32/C32,"") | AB32: =IF(C32>0,N32/C32,"") | AC32: =IF(N32>0,R32/N32,"")

Sheet Anuncios
A1: Anuncio | B1: Gasto (USD) | C1: Impresiones | D1: Alcance | E1: Clics (todos) | F1: Clics en enlace | G1: Landing page views | H1: Leads (Meta) | I1: Interacciones | J1: Reacciones | K1: Comentarios | L1: Compartidos | M1: Guardados | N1: Reproducciones 3 s | O1: Video 25% | P1: Video 50% | Q1: Video 75% | R1: Video 100% | S1: ThruPlay | T1: Frecuencia | U1: CTR enlace | V1: CPM (USD) | W1: CPC enlace (USD) | X1: CPL Meta (USD) | Y1: Clic → LPV | Z1: LPV → lead | AA1: Tasa de interacción | AB1: Hook rate (3 s / imp.) | AC1: Retención 100% / 3 s
A2: 2026-09-24 – Plumbing – Tank Flush $149 – EN | B2: 663.62 | C2: 20489 | D2: 10788 | E2: 346 | F2: 173 | G2: 2 | H2: 14 | I2: 205 | J2: 24 | K2: 3 | L2: 2 | M2: 3 | N2: 0 | O2: 0 | P2: 0 | Q2: 0 | R2: 0 | S2: 0 | T2: =IF(D2>0,C2/D2,"") | U2: =IF(C2>0,F2/C2,"") | V2: =IF(C2>0,B2/C2*1000,"") | W2: =IF(F2>0,B2/F2,"") | X2: =IF(H2>0,B2/H2,"") | Y2: =IF(F2>0,G2/F2,"") | Z2: =IF(G2>0,H2/G2,"") | AA2: =IF(C2>0,I2/C2,"") | AB2: =IF(C2>0,N2/C2,"") | AC2: =IF(N2>0,R2/N2,"")
A3: 2026-10-08 – 0% Interest 24 Months – EN | B3: 642.46 | C3: 4227 | D3: 2001 | E3: 90 | F3: 59 | G3: 46 | H3: 10 | I3: 63 | J3: 4 | K3: 0 | L3: 0 | M3: 0 | N3: 0 | O3: 0 | P3: 0 | Q3: 0 | R3: 0 | S3: 0 | T3: =IF(D3>0,C3/D3,"") | U3: =IF(C3>0,F3/C3,"") | V3: =IF(C3>0,B3/C3*1000,"") | W3: =IF(F3>0,B3/F3,"") | X3: =IF(H3>0,B3/H3,"") | Y3: =IF(F3>0,G3/F3,"") | Z3: =IF(G3>0,H3/G3,"") | AA3: =IF(C3>0,I3/C3,"") | AB3: =IF(C3>0,N3/C3,"") | AC3: =IF(N3>0,R3/N3,"")
A4: HVAC Technician – $55-65hr + $1000 Bonus – Instant Form – SB Form | B4: 279.25 | C4: 16050 | D4: 5944 | E4: 368 | F4: 223 | G4: 1 | H4: 56 | I4: 1560 | J4: 11 | K4: 0 | L4: 2 | M4: 2 | N4: 1322 | O4: 738 | P4: 526 | Q4: 290 | R4: 194 | S4: 338 | T4: =IF(D4>0,C4/D4,"") | U4: =IF(C4>0,F4/C4,"") | V4: =IF(C4>0,B4/C4*1000,"") | W4: =IF(F4>0,B4/F4,"") | X4: =IF(H4>0,B4/H4,"") | Y4: =IF(F4>0,G4/F4,"") | Z4: =IF(G4>0,H4/G4,"") | AA4: =IF(C4>0,I4/C4,"") | AB4: =IF(C4>0,N4/C4,"") | AC4: =IF(N4>0,R4/N4,"")
A5: 2026-10-08 – Instalación AC Miami-Dade – ES | B5: 259.42 | C5: 4596 | D5: 2570 | E5: 46 | F5: 24 | G5: 17 | H5: 3 | I5: 31 | J5: 5 | K5: 0 | L5: 0 | M5: 2 | N5: 0 | O5: 0 | P5: 0 | Q5: 0 | R5: 0 | S5: 0 | T5: =IF(D5>0,C5/D5,"") | U5: =IF(C5>0,F5/C5,"") | V5: =IF(C5>0,B5/C5*1000,"") | W5: =IF(F5>0,B5/F5,"") | X5: =IF(H5>0,B5/H5,"") | Y5: =IF(F5>0,G5/F5,"") | Z5: =IF(G5>0,H5/G5,"") | AA5: =IF(C5>0,I5/C5,"") | AB5: =IF(C5>0,N5/C5,"") | AC5: =IF(N5>0,R5/N5,"")
A6: 2026-10-08 – Before You Sign v3 – EN | B6: 137.85 | C6: 1056 | D6: 481 | E6: 28 | F6: 14 | G6: 9 | H6: 0 | I6: 16 | J6: 2 | K6: 0 | L6: 0 | M6: 0 | N6: 0 | O6: 0 | P6: 0 | Q6: 0 | R6: 0 | S6: 0 | T6: =IF(D6>0,C6/D6,"") | U6: =IF(C6>0,F6/C6,"") | V6: =IF(C6>0,B6/C6*1000,"") | W6: =IF(F6>0,B6/F6,"") | X6: =IF(H6>0,B6/H6,"") | Y6: =IF(F6>0,G6/F6,"") | Z6: =IF(G6>0,H6/G6,"") | AA6: =IF(C6>0,I6/C6,"") | AB6: =IF(C6>0,N6/C6,"") | AC6: =IF(N6>0,R6/N6,"")
A7: 2026-09-24 – 0% Interest 24 Months – $5,800 – EN | B7: 116.69 | C7: 3172 | D7: 2604 | E7: 38 | F7: 33 | G7: 1 | H7: 2 | I7: 33 | J7: 0 | K7: 0 | L7: 0 | M7: 0 | N7: 0 | O7: 0 | P7: 0 | Q7: 0 | R7: 0 | S7: 0 | T7: =IF(D7>0,C7/D7,"") | U7: =IF(C7>0,F7/C7,"") | V7: =IF(C7>0,B7/C7*1000,"") | W7: =IF(F7>0,B7/F7,"") | X7: =IF(H7>0,B7/H7,"") | Y7: =IF(F7>0,G7/F7,"") | Z7: =IF(G7>0,H7/G7,"") | AA7: =IF(C7>0,I7/C7,"") | AB7: =IF(C7>0,N7/C7,"") | AC7: =IF(N7>0,R7/N7,"")
A8: Plumber Hiring 2026 - Instant Form | B8: 114.37 | C8: 7413 | D8: 3571 | E8: 190 | F8: 96 | G8: 3 | H8: 17 | I8: 727 | J8: 6 | K8: 2 | L8: 1 | M8: 0 | N8: 622 | O8: 376 | P8: 241 | Q8: 148 | R8: 104 | S8: 180 | T8: =IF(D8>0,C8/D8,"") | U8: =IF(C8>0,F8/C8,"") | V8: =IF(C8>0,B8/C8*1000,"") | W8: =IF(F8>0,B8/F8,"") | X8: =IF(H8>0,B8/H8,"") | Y8: =IF(F8>0,G8/F8,"") | Z8: =IF(G8>0,H8/G8,"") | AA8: =IF(C8>0,I8/C8,"") | AB8: =IF(C8>0,N8/C8,"") | AC8: =IF(N8>0,R8/N8,"")
A9: 2026-10-06 – Plumbing – Tank Flush $149 – EN – Landing | B9: 85.62 | C9: 2362 | D9: 1768 | E9: 37 | F9: 27 | G9: 18 | H9: 0 | I9: 30 | J9: 3 | K9: 0 | L9: 0 | M9: 0 | N9: 0 | O9: 0 | P9: 0 | Q9: 0 | R9: 0 | S9: 0 | T9: =IF(D9>0,C9/D9,"") | U9: =IF(C9>0,F9/C9,"") | V9: =IF(C9>0,B9/C9*1000,"") | W9: =IF(F9>0,B9/F9,"") | X9: =IF(H9>0,B9/H9,"") | Y9: =IF(F9>0,G9/F9,"") | Z9: =IF(G9>0,H9/G9,"") | AA9: =IF(C9>0,I9/C9,"") | AB9: =IF(C9>0,N9/C9,"") | AC9: =IF(N9>0,R9/N9,"")
A10: 2026-09-24 – Plumbing – Tankless Flush $289 – Noel – EN | B10: 85.45 | C10: 1892 | D10: 1043 | E10: 42 | F10: 21 | G10: 1 | H10: 1 | I10: 28 | J10: 6 | K10: 0 | L10: 0 | M10: 1 | N10: 0 | O10: 0 | P10: 0 | Q10: 0 | R10: 0 | S10: 0 | T10: =IF(D10>0,C10/D10,"") | U10: =IF(C10>0,F10/C10,"") | V10: =IF(C10>0,B10/C10*1000,"") | W10: =IF(F10>0,B10/F10,"") | X10: =IF(H10>0,B10/H10,"") | Y10: =IF(F10>0,G10/F10,"") | Z10: =IF(G10>0,H10/G10,"") | AA10: =IF(C10>0,I10/C10,"") | AB10: =IF(C10>0,N10/C10,"") | AC10: =IF(N10>0,R10/N10,"")
A11: HVAC Landing - EN - Same System Two Prices (Tags) - $5,800 | B11: 79.55 | C11: 2313 | D11: 1648 | E11: 53 | F11: 39 | G11: 26 | H11: 1 | I11: 45 | J11: 4 | K11: 0 | L11: 2 | M11: 0 | N11: 0 | O11: 0 | P11: 0 | Q11: 0 | R11: 0 | S11: 0 | T11: =IF(D11>0,C11/D11,"") | U11: =IF(C11>0,F11/C11,"") | V11: =IF(C11>0,B11/C11*1000,"") | W11: =IF(F11>0,B11/F11,"") | X11: =IF(H11>0,B11/H11,"") | Y11: =IF(F11>0,G11/F11,"") | Z11: =IF(G11>0,H11/G11,"") | AA11: =IF(C11>0,I11/C11,"") | AB11: =IF(C11>0,N11/C11,"") | AC11: =IF(N11>0,R11/N11,"")
A12: Retail Brand Ambassador – Static A1 – Instant Form | B12: 76.19 | C12: 3043 | D12: 1621 | E12: 160 | F12: 80 | G12: 0 | H12: 36 | I12: 93 | J12: 8 | K12: 0 | L12: 3 | M12: 2 | N12: 0 | O12: 0 | P12: 0 | Q12: 0 | R12: 0 | S12: 0 | T12: =IF(D12>0,C12/D12,"") | U12: =IF(C12>0,F12/C12,"") | V12: =IF(C12>0,B12/C12*1000,"") | W12: =IF(F12>0,B12/F12,"") | X12: =IF(H12>0,B12/H12,"") | Y12: =IF(F12>0,G12/F12,"") | Z12: =IF(G12>0,H12/G12,"") | AA12: =IF(C12>0,I12/C12,"") | AB12: =IF(C12>0,N12/C12,"") | AC12: =IF(N12>0,R12/N12,"")
A13: 2026-10-05 – Video 25-Year-Old AC – 0% 24mo – EN – Landing | B13: 76.08 | C13: 933 | D13: 726 | E13: 17 | F13: 12 | G13: 6 | H13: 1 | I13: 360 | J13: 1 | K13: 0 | L13: 0 | M13: 1 | N13: 346 | O13: 317 | P13: 164 | Q13: 86 | R13: 39 | S13: 38 | T13: =IF(D13>0,C13/D13,"") | U13: =IF(C13>0,F13/C13,"") | V13: =IF(C13>0,B13/C13*1000,"") | W13: =IF(F13>0,B13/F13,"") | X13: =IF(H13>0,B13/H13,"") | Y13: =IF(F13>0,G13/F13,"") | Z13: =IF(G13>0,H13/G13,"") | AA13: =IF(C13>0,I13/C13,"") | AB13: =IF(C13>0,N13/C13,"") | AC13: =IF(N13>0,R13/N13,"")
... A43: 2026-09-24 – Plumbing – Leak Stain – EN | B43: 0.1 | C43: 1 | D43: 1 | E43: 0 | F43: 0 | G43: 0 | H43: 0 | I43: 0 | J43: 0 | K43: 0 | L43: 0 | M43: 0 | N43: 0 | O43: 0 | P43: 0 | Q43: 0 | R43: 0 | S43: 0 | T43: =IF(D43>0,C43/D43,"") | U43: =IF(C43>0,F43/C43,"") | V43: =IF(C43>0,B43/C43*1000,"") | W43: =IF(F43>0,B43/F43,"") | X43: =IF(H43>0,B43/H43,"") | Y43: =IF(F43>0,G43/F43,"") | Z43: =IF(G43>0,H43/G43,"") | AA43: =IF(C43>0,I43/C43,"") | AB43: =IF(C43>0,N43/C43,"") | AC43: =IF(N43>0,R43/N43,"")
A44: Total | B44: =SUM(B2:B43) | C44: =SUM(C2:C43) | E44: =SUM(E2:E43) | F44: =SUM(F2:F43) | G44: =SUM(G2:G43) | H44: =SUM(H2:H43) | I44: =SUM(I2:I43) | J44: =SUM(J2:J43) | K44: =SUM(K2:K43) | L44: =SUM(L2:L43) | ... S44: =SUM(S2:S43) | T44: =IF(D44>0,C44/D44,"") | U44: =IF(C44>0,F44/C44,"") | V44: =IF(C44>0,B44/C44*1000,"") | W44: =IF(F44>0,B44/F44,"") | X44: =IF(H44>0,B44/H44,"") | Y44: =IF(F44>0,G44/F44,"") | Z44: =IF(G44>0,H44/G44,"") | AA44: =IF(C44>0,I44/C44,"") | AB44: =IF(C44>0,N44/C44,"") | AC44: =IF(N44>0,R44/N44,"")

Sheet Edad
A1: Edad | B1: Gasto (USD) | C1: Impresiones | D1: Alcance | E1: Clics (todos) | F1: Clics en enlace | G1: Landing page views | H1: Leads (Meta) | I1: Interacciones | J1: Reacciones | K1: Comentarios | L1: Compartidos | M1: Guardados | N1: Reproducciones 3 s | O1: Video 25% | P1: Video 50% | Q1: Video 75% | R1: Video 100% | S1: ThruPlay | T1: Frecuencia | U1: CTR enlace | V1: CPM (USD) | W1: CPC enlace (USD) | X1: CPL Meta (USD) | Y1: Clic → LPV | Z1: LPV → lead | AA1: Tasa de interacción | AB1: Hook rate (3 s / imp.) | AC1: Retención 100% / 3 s
A2: 65+ | B2: 1015.6078 | C2: 19964 | D2: 8810 | E2: 440 | F2: 275 | G2: 116 | H2: 26 | I2: 480 | J2: 29 | K2: 3 | L2: 3 | M2: 3 | N2: 167 | O2: 130 | P2: 73 | Q2: 39 | R2: 23 | S2: 33 | T2: =IF(D2>0,C2/D2,"") | U2: =IF(C2>0,F2/C2,"") | V2: =IF(C2>0,B2/C2*1000,"") | W2: =IF(F2>0,B2/F2,"") | X2: =IF(H2>0,B2/H2,"") | Y2: =IF(F2>0,G2/F2,"") | Z2: =IF(G2>0,H2/G2,"") | AA2: =IF(C2>0,I2/C2,"") | AB2: =IF(C2>0,N2/C2,"") | AC2: =IF(N2>0,R2/N2,"")
A3: 55-64 | B3: 708.26638 | C3: 16229 | D3: 7571 | E3: 311 | F3: 188 | G3: 54 | H3: 21 | I3: 537 | J3: 9 | K3: 2 | L3: 0 | M3: 2 | N3: 336 | O3: 255 | P3: 132 | Q3: 74 | R3: 50 | S3: 72 | T3: =IF(D3>0,C3/D3,"") | U3: =IF(C3>0,F3/C3,"") | V3: =IF(C3>0,B3/C3*1000,"") | W3: =IF(F3>0,B3/F3,"") | X3: =IF(H3>0,B3/H3,"") | Y3: =IF(F3>0,G3/F3,"") | Z3: =IF(G3>0,H3/G3,"") | AA3: =IF(C3>0,I3/C3,"") | AB3: =IF(C3>0,N3/C3,"") | AC3: =IF(N3>0,R3/N3,"")
A4: 45-54 | B4: 610.22272 | C4: 15293 | D4: 6898 | E4: 322 | F4: 185 | G4: 48 | H4: 40 | I4: 689 | J4: 24 | K4: 2 | L4: 1 | M4: 2 | N4: 475 | O4: 332 | P4: 180 | Q4: 107 | R4: 64 | S4: 103 | T4: =IF(D4>0,C4/D4,"") | U4: =IF(C4>0,F4/C4,"") | V4: =IF(C4>0,B4/C4*1000,"") | W4: =IF(F4>0,B4/F4,"") | X4: =IF(H4>0,B4/H4,"") | Y4: =IF(F4>0,G4/F4,"") | Z4: =IF(G4>0,H4/G4,"") | AA4: =IF(C4>0,I4/C4,"") | AB4: =IF(C4>0,N4/C4,"") | AC4: =IF(N4>0,R4/N4,"")
A5: 35-44 | B5: 482.47797 | C5: 16581 | D5: 7241 | E5: 448 | F5: 231 | G5: 35 | H5: 61 | I5: 927 | J5: 17 | K5: 2 | L5: 7 | M5: 8 | N5: 662 | O5: 450 | P5: 296 | Q5: 180 | R5: 114 | S5: 172 | T5: =IF(D5>0,C5/D5,"") | U5: =IF(C5>0,F5/C5,"") | V5: =IF(C5>0,B5/C5*1000,"") | W5: =IF(F5>0,B5/F5,"") | X5: =IF(H5>0,B5/H5,"") | Y5: =IF(F5>0,G5/F5,"") | Z5: =IF(G5>0,H5/G5,"") | AA5: =IF(C5>0,I5/C5,"") | AB5: =IF(C5>0,N5/C5,"") | AC5: =IF(N5>0,R5/N5,"")
A6: 25-34 | B6: 316.36178 | C6: 16163 | D6: 6794 | E6: 516 | F6: 277 | G6: 20 | H6: 101 | I6: 1057 | J6: 16 | K6: 0 | L6: 4 | M6: 4 | N6: 756 | O6: 448 | P6: 334 | Q6: 181 | R6: 117 | S6: 185 | T6: =IF(D6>0,C6/D6,"") | U6: =IF(C6>0,F6/C6,"") | V6: =IF(C6>0,B6/C6*1000,"") | W6: =IF(F6>0,B6/F6,"") | X6: =IF(H6>0,B6/H6,"") | Y6: =IF(F6>0,G6/F6,"") | Z6: =IF(G6>0,H6/G6,"") | AA6: =IF(C6>0,I6/C6,"") | AB6: =IF(C6>0,N6/C6,"") | AC6: =IF(N6>0,R6/N6,"")
A7: 18-24 | B7: 89.503333 | C7: 6879 | D7: 2915 | E7: 181 | F7: 101 | G7: 1 | H7: 41 | I7: 422 | J7: 5 | K7: 0 | L7: 1 | M7: 1 | N7: 314 | O7: 167 | P7: 127 | Q7: 69 | R7: 41 | S7: 77 | T7: =IF(D7>0,C7/D7,"") | U7: =IF(C7>0,F7/C7,"") | V7: =IF(C7>0,B7/C7*1000,"") | W7: =IF(F7>0,B7/F7,"") | X7: =IF(H7>0,B7/H7,"") | Y7: =IF(F7>0,G7/F7,"") | Z7: =IF(G7>0,H7/G7,"") | AA7: =IF(C7>0,I7/C7,"") | AB7: =IF(C7>0,N7/C7,"") | AC7: =IF(N7>0,R7/N7,"")
A8: Unknown | B8: 0.01 | C8: 1 | D8: 1 | E8: 0 | F8: 0 | G8: 3 | H8: 0 | I8: 0 | J8: 0 | K8: 0 | L8: 0 | M8: 0 | N8: 0 | O8: 0 | P8: 0 | Q8: 0 | R8: 0 | S8: 0 | T8: =IF(D8>0,C8/D8,"") | U8: =IF(C8>0,F8/C8,"") | V8: =IF(C8>0,B8/C8*1000,"") | W8: =IF(F8>0,B8/F8,"") | X8: =IF(H8>0,B8/H8,"") | Y8: =IF(F8>0,G8/F8,"") | Z8: =IF(G8>0,H8/G8,"") | AA8: =IF(C8>0,I8/C8,"") | AB8: =IF(C8>0,N8/C8,"") | AC8: =IF(N8>0,R8/N8,"")
A9: Total | B9: =SUM(B2:B8) | C9: =SUM(C2:C8) | E9: =SUM(E2:E8) | F9: =SUM(F2:F8) | G9: =SUM(G2:G8) | H9: =SUM(H2:H8) | I9: =SUM(I2:I8) | J9: =SUM(J2:J8) | K9: =SUM(K2:K8) | L9: =SUM(L2:L8) | ... S9: =SUM(S2:S8) | T9: =IF(D9>0,C9/D9,"") | U9: =IF(C9>0,F9/C9,"") | V9: =IF(C9>0,B9/C9*1000,"") | W9: =IF(F9>0,B9/F9,"") | X9: =IF(H9>0,B9/H9,"") | Y9: =IF(F9>0,G9/F9,"") | Z9: =IF(G9>0,H9/G9,"") | AA9: =IF(C9>0,I9/C9,"") | AB9: =IF(C9>0,N9/C9,"") | AC9: =IF(N9>0,R9/N9,"")

Sheet Género
A1: Género | B1: Gasto (USD) | C1: Impresiones | D1: Alcance | E1: Clics (todos) | F1: Clics en enlace | G1: Landing page views | H1: Leads (Meta) | I1: Interacciones | J1: Reacciones | K1: Comentarios | L1: Compartidos | M1: Guardados | N1: Reproducciones 3 s | O1: Video 25% | P1: Video 50% | Q1: Video 75% | R1: Video 100% | S1: ThruPlay | T1: Frecuencia | U1: CTR enlace | V1: CPM (USD) | W1: CPC enlace (USD) | X1: CPL Meta (USD) | Y1: Clic → LPV | Z1: LPV → lead | AA1: Tasa de interacción | AB1: Hook rate (3 s / imp.) | AC1: Retención 100% / 3 s
A2: Hombre | B2: 2108.7085 | C2: 68385 | D2: 29036 | E2: 1653 | F2: 918 | G2: 168 | H2: 228 | I2: 3472 | J2: 74 | K2: 7 | L2: 7 | M2: 10 | N2: 2456 | O2: 1579 | P2: 1023 | Q2: 583 | R2: 370 | S2: 594 | T2: =IF(D2>0,C2/D2,"") | U2: =IF(C2>0,F2/C2,"") | V2: =IF(C2>0,B2/C2*1000,"") | W2: =IF(F2>0,B2/F2,"") | X2: =IF(H2>0,B2/H2,"") | Y2: =IF(F2>0,G2/F2,"") | Z2: =IF(G2>0,H2/G2,"") | AA2: =IF(C2>0,I2/C2,"") | AB2: =IF(C2>0,N2/C2,"") | AC2: =IF(N2>0,R2/N2,"")
A3: Mujer | B3: 1077.1201 | C3: 21916 | D3: 10831 | E3: 540 | F3: 329 | G3: 104 | H3: 57 | I3: 612 | J3: 26 | K3: 2 | L3: 6 | M3: 10 | N3: 239 | O3: 190 | P3: 109 | Q3: 59 | R3: 37 | S3: 42 | T3: =IF(D3>0,C3/D3,"") | U3: =IF(C3>0,F3/C3,"") | V3: =IF(C3>0,B3/C3*1000,"") | W3: =IF(F3>0,B3/F3,"") | X3: =IF(H3>0,B3/H3,"") | Y3: =IF(F3>0,G3/F3,"") | Z3: =IF(G3>0,H3/G3,"") | AA3: =IF(C3>0,I3/C3,"") | AB3: =IF(C3>0,N3/C3,"") | AC3: =IF(N3>0,R3/N3,"")
A4: Sin dato | B4: 36.621364 | C4: 809 | D4: 368 | E4: 25 | F4: 10 | G4: 5 | H4: 5 | I4: 28 | J4: 0 | K4: 0 | L4: 3 | M4: 0 | N4: 15 | O4: 13 | P4: 10 | Q4: 8 | R4: 2 | S4: 6 | T4: =IF(D4>0,C4/D4,"") | U4: =IF(C4>0,F4/C4,"") | V4: =IF(C4>0,B4/C4*1000,"") | W4: =IF(F4>0,B4/F4,"") | X4: =IF(H4>0,B4/H4,"") | Y4: =IF(F4>0,G4/F4,"") | Z4: =IF(G4>0,H4/G4,"") | AA4: =IF(C4>0,I4/C4,"") | AB4: =IF(C4>0,N4/C4,"") | AC4: =IF(N4>0,R4/N4,"")
A5: Total | B5: =SUM(B2:B4) | C5: =SUM(C2:C4) | E5: =SUM(E2:E4) | F5: =SUM(F2:F4) | G5: =SUM(G2:G4) | H5: =SUM(H2:H4) | I5: =SUM(I2:I4) | J5: =SUM(J2:J4) | K5: =SUM(K2:K4) | L5: =SUM(L2:L4) | ... S5: =SUM(S2:S4) | T5: =IF(D5>0,C5/D5,"") | U5: =IF(C5>0,F5/C5,"") | V5: =IF(C5>0,B5/C5*1000,"") | W5: =IF(F5>0,B5/F5,"") | X5: =IF(H5>0,B5/H5,"") | Y5: =IF(F5>0,G5/F5,"") | Z5: =IF(G5>0,H5/G5,"") | AA5: =IF(C5>0,I5/C5,"") | AB5: =IF(C5>0,N5/C5,"") | AC5: =IF(N5>0,R5/N5,"")

Sheet Edad x Género
A1: Edad | B1: Género | C1: Gasto (USD) | D1: Impresiones | E1: Alcance | F1: Clics (todos) | G1: Clics en enlace | H1: Landing page views | I1: Leads (Meta) | J1: Interacciones | K1: Reacciones | L1: Comentarios | M1: Compartidos | N1: Guardados | O1: Reproducciones 3 s | P1: Video 25% | Q1: Video 50% | R1: Video 75% | S1: Video 100% | T1: ThruPlay | U1: Frecuencia | V1: CTR enlace | W1: CPM (USD) | X1: CPC enlace (USD) | Y1: CPL Meta (USD) | Z1: Clic → LPV | AA1: LPV → lead | AB1: Tasa de interacción | AC1: Hook rate (3 s / imp.) | AD1: Retención 100% / 3 s
A2: 65+ | B2: Hombre | C2: 604.1325 | D2: 12758 | E2: 5825 | F2: 270 | G2: 170 | H2: 63 | I2: 19 | J2: 325 | K2: 16 | L2: 2 | M2: 1 | N2: 2 | O2: 134 | P2: 99 | Q2: 54 | R2: 32 | S2: 17 | T2: 27 | U2: =IF(E2>0,D2/E2,"") | V2: =IF(D2>0,G2/D2,"") | W2: =IF(D2>0,C2/D2*1000,"") | X2: =IF(G2>0,C2/G2,"") | Y2: =IF(I2>0,C2/I2,"") | Z2: =IF(G2>0,H2/G2,"") | AA2: =IF(H2>0,I2/H2,"") | AB2: =IF(D2>0,J2/D2,"") | AC2: =IF(D2>0,O2/D2,"") | AD2: =IF(O2>0,S2/O2,"")
A3: 55-64 | B3: Hombre | C3: 462.64723 | D3: 11740 | E3: 5302 | F3: 225 | G3: 129 | H3: 38 | I3: 16 | J3: 427 | K3: 7 | L3: 2 | M3: 0 | N3: 0 | O3: 289 | P3: 211 | Q3: 107 | R3: 63 | S3: 45 | T3: 66 | U3: =IF(E3>0,D3/E3,"") | V3: =IF(D3>0,G3/D3,"") | W3: =IF(D3>0,C3/D3*1000,"") | X3: =IF(G3>0,C3/G3,"") | Y3: =IF(I3>0,C3/I3,"") | Z3: =IF(G3>0,H3/G3,"") | AA3: =IF(H3>0,I3/H3,"") | AB3: =IF(D3>0,J3/D3,"") | AC3: =IF(D3>0,O3/D3,"") | AD3: =IF(O3>0,S3/O3,"")
A4: 65+ | B4: Mujer | C4: 403.80504 | D4: 7018 | E4: 3132 | F4: 164 | G4: 102 | H4: 52 | I4: 7 | J4: 151 | K4: 13 | L4: 1 | M4: 1 | N4: 1 | O4: 33 | P4: 31 | Q4: 19 | R4: 7 | S4: 6 | T4: 6 | U4: =IF(E4>0,D4/E4,"") | V4: =IF(D4>0,G4/D4,"") | W4: =IF(D4>0,C4/D4*1000,"") | X4: =IF(G4>0,C4/G4,"") | Y4: =IF(I4>0,C4/I4,"") | Z4: =IF(G4>0,H4/G4,"") | AA4: =IF(H4>0,I4/H4,"") | AB4: =IF(D4>0,J4/D4,"") | AC4: =IF(D4>0,O4/D4,"") | AD4: =IF(O4>0,S4/O4,"")
A5: 45-54 | B5: Hombre | C5: 388.06445 | D5: 11384 | E5: 5059 | F5: 232 | G5: 129 | H5: 28 | I5: 31 | J5: 566 | K5: 19 | L5: 2 | M5: 1 | N5: 1 | O5: 414 | P5: 284 | Q5: 160 | R5: 94 | S5: 56 | T5: 94 | U5: =IF(E5>0,D5/E5,"") | V5: =IF(D5>0,G5/D5,"") | W5: =IF(D5>0,C5/D5*1000,"") | X5: =IF(G5>0,C5/G5,"") | Y5: =IF(I5>0,C5/I5,"") | Z5: =IF(G5>0,H5/G5,"") | AA5: =IF(H5>0,I5/H5,"") | AB5: =IF(D5>0,J5/D5,"") | AC5: =IF(D5>0,O5/D5,"") | AD5: =IF(O5>0,S5/O5,"")
A6: 35-44 | B6: Hombre | C6: 330.81232 | D6: 12817 | E6: 5356 | F6: 340 | G6: 175 | H6: 22 | I6: 42 | J6: 799 | K6: 15 | L6: 1 | M6: 2 | N6: 5 | O6: 601 | P6: 402 | Q6: 270 | R6: 163 | S6: 104 | T6: 161 | U6: =IF(E6>0,D6/E6,"") | V6: =IF(D6>0,G6/D6,"") | W6: =IF(D6>0,C6/D6*1000,"") | X6: =IF(G6>0,C6/G6,"") | Y6: =IF(I6>0,C6/I6,"") | Z6: =IF(G6>0,H6/G6,"") | AA6: =IF(H6>0,I6/H6,"") | AB6: =IF(D6>0,J6/D6,"") | AC6: =IF(D6>0,O6/D6,"") | AD6: =IF(O6>0,S6/O6,"")
A7: 25-34 | B7: Hombre | C7: 243.92908 | D7: 13620 | E7: 5370 | F7: 429 | G7: 228 | H7: 16 | I7: 86 | J7: 963 | K7: 14 | L7: 0 | M7: 3 | N7: 2 | O7: 716 | P7: 420 | Q7: 311 | R7: 166 | S7: 107 | T7: 172 | U7: =IF(E7>0,D7/E7,"") | V7: =IF(D7>0,G7/D7,"") | W7: =IF(D7>0,C7/D7*1000,"") | X7: =IF(G7>0,C7/G7,"") | Y7: =IF(I7>0,C7/I7,"") | Z7: =IF(G7>0,H7/G7,"") | AA7: =IF(H7>0,I7/H7,"") | AB7: =IF(D7>0,J7/D7,"") | AC7: =IF(D7>0,O7/D7,"") | AD7: =IF(O7>0,S7/O7,"")
A8: 55-64 | B8: Mujer | C8: 232.89867 | D8: 4302 | E8: 2119 | F8: 81 | G8: 56 | H8: 15 | I8: 4 | J8: 104 | K8: 2 | L8: 0 | M8: 0 | N8: 2 | O8: 44 | P8: 41 | Q8: 23 | R8: 9 | S8: 5 | T8: 5 | U8: =IF(E8>0,D8/E8,"") | V8: =IF(D8>0,G8/D8,"") | W8: =IF(D8>0,C8/D8*1000,"") | X8: =IF(G8>0,C8/G8,"") | Y8: =IF(I8>0,C8/I8,"") | Z8: =IF(G8>0,H8/G8,"") | AA8: =IF(H8>0,I8/H8,"") | AB8: =IF(D8>0,J8/D8,"") | AC8: =IF(D8>0,O8/D8,"") | AD8: =IF(O8>0,S8/O8,"")
A9: 45-54 | B9: Mujer | C9: 218.50814 | D9: 3789 | E9: 1847 | F9: 86 | G9: 55 | H9: 20 | I9: 8 | J9: 119 | K9: 5 | L9: 0 | M9: 0 | N9: 1 | O9: 58 | P9: 45 | Q9: 18 | R9: 13 | S9: 8 | T9: 9 | U9: =IF(E9>0,D9/E9,"") | V9: =IF(D9>0,G9/D9,"") | W9: =IF(D9>0,C9/D9*1000,"") | X9: =IF(G9>0,C9/G9,"") | Y9: =IF(I9>0,C9/I9,"") | Z9: =IF(G9>0,H9/G9,"") | AA9: =IF(H9>0,I9/H9,"") | AB9: =IF(D9>0,J9/D9,"") | AC9: =IF(D9>0,O9/D9,"") | AD9: =IF(O9>0,S9/O9,"")
A10: 35-44 | B10: Mujer | C10: 141.00525 | D10: 3645 | E10: 1914 | F10: 104 | G10: 55 | H10: 13 | I10: 18 | J10: 121 | K10: 2 | L10: 1 | M10: 3 | N10: 3 | O10: 57 | P10: 44 | Q10: 23 | R10: 14 | S10: 9 | T10: 8 | U10: =IF(E10>0,D10/E10,"") | V10: =IF(D10>0,G10/D10,"") | W10: =IF(D10>0,C10/D10*1000,"") | X10: =IF(G10>0,C10/G10,"") | Y10: =IF(I10>0,C10/I10,"") | Z10: =IF(G10>0,H10/G10,"") | AA10: =IF(H10>0,I10/H10,"") | AB10: =IF(D10>0,J10/D10,"") | AC10: =IF(D10>0,O10/D10,"") | AD10: =IF(O10>0,S10/O10,"")
A11: 18-24 | B11: Hombre | C11: 79.112946 | D11: 6065 | E11: 2423 | F11: 157 | G11: 87 | H11: 1 | I11: 34 | J11: 392 | K11: 3 | L11: 0 | M11: 0 | N11: 0 | O11: 302 | P11: 163 | Q11: 121 | R11: 65 | S11: 41 | T11: 74 | U11: =IF(E11>0,D11/E11,"") | V11: =IF(D11>0,G11/D11,"") | W11: =IF(D11>0,C11/D11*1000,"") | X11: =IF(G11>0,C11/G11,"") | Y11: =IF(I11>0,C11/I11,"") | Z11: =IF(G11>0,H11/G11,"") | AA11: =IF(H11>0,I11/H11,"") | AB11: =IF(D11>0,J11/D11,"") | AC11: =IF(D11>0,O11/D11,"") | AD11: =IF(O11>0,S11/O11,"")
A12: 25-34 | B12: Mujer | C12: 71.472662 | D12: 2446 | E12: 1478 | F12: 83 | G12: 48 | H12: 4 | I12: 14 | J12: 91 | K12: 2 | L12: 0 | M12: 1 | N12: 2 | O12: 38 | P12: 26 | Q12: 22 | R12: 14 | S12: 9 | T12: 12 | U12: =IF(E12>0,D12/E12,"") | V12: =IF(D12>0,G12/D12,"") | W12: =IF(D12>0,C12/D12*1000,"") | X12: =IF(G12>0,C12/G12,"") | Y12: =IF(I12>0,C12/I12,"") | Z12: =IF(G12>0,H12/G12,"") | AA12: =IF(H12>0,I12/H12,"") | AB12: =IF(D12>0,J12/D12,"") | AC12: =IF(D12>0,O12/D12,"") | AD12: =IF(O12>0,S12/O12,"")
A13: 55-64 | B13: Sin dato | C13: 12.720474 | D13: 187 | E13: 91 | F13: 5 | G13: 3 | H13: 1 | I13: 1 | J13: 6 | K13: 0 | L13: 0 | M13: 0 | N13: 0 | O13: 3 | P13: 3 | Q13: 2 | R13: 2 | S13: 0 | T13: 1 | U13: =IF(E13>0,D13/E13,"") | V13: =IF(D13>0,G13/D13,"") | W13: =IF(D13>0,C13/D13*1000,"") | X13: =IF(G13>0,C13/G13,"") | Y13: =IF(I13>0,C13/I13,"") | Z13: =IF(G13>0,H13/G13,"") | AA13: =IF(H13>0,I13/H13,"") | AB13: =IF(D13>0,J13/D13,"") | AC13: =IF(D13>0,O13/D13,"") | AD13: =IF(O13>0,S13/O13,"")
... A21: Unknown | B21: Sin dato | C21: 0 | D21: 0 | E21: 0 | F21: 0 | G21: 0 | H21: 3 | I21: 0 | J21: 0 | K21: 0 | L21: 0 | M21: 0 | N21: 0 | O21: 0 | P21: 0 | Q21: 0 | R21: 0 | S21: 0 | T21: 0 | U21: =IF(E21>0,D21/E21,"") | V21: =IF(D21>0,G21/D21,"") | W21: =IF(D21>0,C21/D21*1000,"") | X21: =IF(G21>0,C21/G21,"") | Y21: =IF(I21>0,C21/I21,"") | Z21: =IF(G21>0,H21/G21,"") | AA21: =IF(H21>0,I21/H21,"") | AB21: =IF(D21>0,J21/D21,"") | AC21: =IF(D21>0,O21/D21,"") | AD21: =IF(O21>0,S21/O21,"")
A22: Total | C22: =SUM(C2:C21) | D22: =SUM(D2:D21) | F22: =SUM(F2:F21) | G22: =SUM(G2:G21) | H22: =SUM(H2:H21) | I22: =SUM(I2:I21) | J22: =SUM(J2:J21) | K22: =SUM(K2:K21) | L22: =SUM(L2:L21) | M22: =SUM(M2:M21) | ... T22: =SUM(T2:T21) | U22: =IF(E22>0,D22/E22,"") | V22: =IF(D22>0,G22/D22,"") | W22: =IF(D22>0,C22/D22*1000,"") | X22: =IF(G22>0,C22/G22,"") | Y22: =IF(I22>0,C22/I22,"") | Z22: =IF(G22>0,H22/G22,"") | AA22: =IF(H22>0,I22/H22,"") | AB22: =IF(D22>0,J22/D22,"") | AC22: =IF(D22>0,O22/D22,"") | AD22: =IF(O22>0,S22/O22,"")

Sheet Estado
A1: Región | B1: Gasto (USD) | C1: Impresiones | D1: Alcance | E1: Clics (todos) | F1: Clics en enlace | G1: Landing page views | H1: Leads (Meta) | I1: Interacciones | J1: Reacciones | K1: Comentarios | L1: Compartidos | M1: Guardados | N1: Reproducciones 3 s | O1: Video 25% | P1: Video 50% | Q1: Video 75% | R1: Video 100% | S1: ThruPlay | T1: Frecuencia | U1: CTR enlace | V1: CPM (USD) | W1: CPC enlace (USD) | X1: CPL Meta (USD) | Y1: Clic → LPV | Z1: LPV → lead | AA1: Tasa de interacción | AB1: Hook rate (3 s / imp.) | AC1: Retención 100% / 3 s
A2: Florida | B2: 3205.5694 | C2: 85783 | D2: 37221 | E2: 1781 | F2: 1072 | G2: 0 | H2: 0 | I2: 3905 | J2: 89 | K2: 9 | L2: 11 | M2: 14 | N2: 2710 | O2: 0 | P2: 0 | Q2: 0 | R2: 0 | S2: 0 | T2: =IF(D2>0,C2/D2,"") | U2: =IF(C2>0,F2/C2,"") | V2: =IF(C2>0,B2/C2*1000,"") | W2: =IF(F2>0,B2/F2,"") | X2: =IF(H2>0,B2/H2,"") | Y2: =IF(F2>0,G2/F2,"") | Z2: =IF(G2>0,H2/G2,"") | AA2: =IF(C2>0,I2/C2,"") | AB2: =IF(C2>0,N2/C2,"") | AC2: =IF(N2>0,R2/N2,"")
A3: Distrito Especial | B3: 15.140564 | C3: 4684 | D3: 2963 | E3: 395 | F3: 163 | G3: 0 | H3: 0 | I3: 183 | J3: 10 | K3: 0 | L3: 5 | M3: 5 | N3: 0 | O3: 0 | P3: 0 | Q3: 0 | R3: 0 | S3: 0 | T3: =IF(D3>0,C3/D3,"") | U3: =IF(C3>0,F3/C3,"") | V3: =IF(C3>0,B3/C3*1000,"") | W3: =IF(F3>0,B3/F3,"") | X3: =IF(H3>0,B3/H3,"") | Y3: =IF(F3>0,G3/F3,"") | Z3: =IF(G3>0,H3/G3,"") | AA3: =IF(C3>0,I3/C3,"") | AB3: =IF(C3>0,N3/C3,"") | AC3: =IF(N3>0,R3/N3,"")
A4: Cundinamarca | B4: 1.740065 | C4: 643 | D4: 391 | E4: 42 | F4: 20 | G4: 0 | H4: 0 | I4: 22 | J4: 1 | K4: 0 | L4: 0 | M4: 1 | N4: 0 | O4: 0 | P4: 0 | Q4: 0 | R4: 0 | S4: 0 | T4: =IF(D4>0,C4/D4,"") | U4: =IF(C4>0,F4/C4,"") | V4: =IF(C4>0,B4/C4*1000,"") | W4: =IF(F4>0,B4/F4,"") | X4: =IF(H4>0,B4/H4,"") | Y4: =IF(F4>0,G4/F4,"") | Z4: =IF(G4>0,H4/G4,"") | AA4: =IF(C4>0,I4/C4,"") | AB4: =IF(C4>0,N4/C4,"") | AC4: =IF(N4>0,R4/N4,"")
A5: Unknown | B5: 0 | C5: 0 | D5: 0 | E5: 0 | F5: 2 | G5: 0 | H5: 0 | I5: 2 | J5: 0 | K5: 0 | L5: 0 | M5: 0 | N5: 0 | O5: 0 | P5: 0 | Q5: 0 | R5: 0 | S5: 0 | T5: =IF(D5>0,C5/D5,"") | U5: =IF(C5>0,F5/C5,"") | V5: =IF(C5>0,B5/C5*1000,"") | W5: =IF(F5>0,B5/F5,"") | X5: =IF(H5>0,B5/H5,"") | Y5: =IF(F5>0,G5/F5,"") | Z5: =IF(G5>0,H5/G5,"") | AA5: =IF(C5>0,I5/C5,"") | AB5: =IF(C5>0,N5/C5,"") | AC5: =IF(N5>0,R5/N5,"")
A6: Total | B6: =SUM(B2:B5) | C6: =SUM(C2:C5) | E6: =SUM(E2:E5) | F6: =SUM(F2:F5) | G6: =SUM(G2:G5) | H6: =SUM(H2:H5) | I6: =SUM(I2:I5) | J6: =SUM(J2:J5) | K6: =SUM(K2:K5) | L6: =SUM(L2:L5) | ... S6: =SUM(S2:S5) | T6: =IF(D6>0,C6/D6,"") | U6: =IF(C6>0,F6/C6,"") | V6: =IF(C6>0,B6/C6*1000,"") | W6: =IF(F6>0,B6/F6,"") | X6: =IF(H6>0,B6/H6,"") | Y6: =IF(F6>0,G6/F6,"") | Z6: =IF(G6>0,H6/G6,"") | AA6: =IF(C6>0,I6/C6,"") | AB6: =IF(C6>0,N6/C6,"") | AC6: =IF(N6>0,R6/N6,"")
A8: Meta no reporta landing page views ni leads por región (restricción de privacidad): esas columnas salen en 0.

Sheet Placement
A1: Plataforma | B1: Posición | C1: Gasto (USD) | D1: Impresiones | E1: Alcance | F1: Clics (todos) | G1: Clics en enlace | H1: Landing page views | I1: Leads (Meta) | J1: Interacciones | K1: Reacciones | L1: Comentarios | M1: Compartidos | N1: Guardados | O1: Reproducciones 3 s | P1: Video 25% | Q1: Video 50% | R1: Video 75% | S1: Video 100% | T1: ThruPlay | U1: Frecuencia | V1: CTR enlace | W1: CPM (USD) | X1: CPC enlace (USD) | Y1: CPL Meta (USD) | Z1: Clic → LPV | AA1: LPV → lead | AB1: Tasa de interacción | AC1: Hook rate (3 s / imp.) | AD1: Retención 100% / 3 s
A2: facebook | B2: feed | C2: 1580.0888 | D2: 33569 | E2: 15536 | F2: 997 | G2: 378 | H2: 93 | I2: 101 | J2: 1236 | K2: 32 | L2: 8 | M2: 2 | N2: 2 | O2: 814 | P2: 534 | Q2: 288 | R2: 196 | S2: 129 | T2: 174 | U2: =IF(E2>0,D2/E2,"") | V2: =IF(D2>0,G2/D2,"") | W2: =IF(D2>0,C2/D2*1000,"") | X2: =IF(G2>0,C2/G2,"") | Y2: =IF(I2>0,C2/I2,"") | Z2: =IF(G2>0,H2/G2,"") | AA2: =IF(H2>0,I2/H2,"") | AB2: =IF(D2>0,J2/D2,"") | AC2: =IF(D2>0,O2/D2,"") | AD2: =IF(O2>0,S2/O2,"")
A3: instagram | B3: feed | C3: 444.68656 | D3: 8882 | E3: 5196 | F3: 183 | G3: 101 | H3: 35 | I3: 45 | J3: 467 | K3: 30 | L3: 0 | M3: 6 | N3: 14 | O3: 316 | P3: 172 | Q3: 84 | R3: 59 | S3: 47 | T3: 66 | U3: =IF(E3>0,D3/E3,"") | V3: =IF(D3>0,G3/D3,"") | W3: =IF(D3>0,C3/D3*1000,"") | X3: =IF(G3>0,C3/G3,"") | Y3: =IF(I3>0,C3/I3,"") | Z3: =IF(G3>0,H3/G3,"") | AA3: =IF(H3>0,I3/H3,"") | AB3: =IF(D3>0,J3/D3,"") | AC3: =IF(D3>0,O3/D3,"") | AD3: =IF(O3>0,S3/O3,"")
A4: facebook | B4: facebook_reels | C4: 295.56101 | D4: 7512 | E4: 4748 | F4: 196 | G4: 122 | H4: 24 | I4: 27 | J4: 638 | K4: 21 | L4: 0 | M4: 0 | N4: 1 | O4: 494 | P4: 421 | Q4: 232 | R4: 123 | S4: 65 | T4: 73 | U4: =IF(E4>0,D4/E4,"") | V4: =IF(D4>0,G4/D4,"") | W4: =IF(D4>0,C4/D4*1000,"") | X4: =IF(G4>0,C4/G4,"") | Y4: =IF(I4>0,C4/I4,"") | Z4: =IF(G4>0,H4/G4,"") | AA4: =IF(H4>0,I4/H4,"") | AB4: =IF(D4>0,J4/D4,"") | AC4: =IF(D4>0,O4/D4,"") | AD4: =IF(O4>0,S4/O4,"")
A5: instagram | B5: instagram_stories | C5: 284.7306 | D5: 13755 | E5: 6029 | F5: 320 | G5: 213 | H5: 8 | I5: 58 | J5: 904 | K5: 0 | L5: 0 | M5: 0 | N5: 0 | O5: 691 | P5: 377 | Q5: 359 | R5: 173 | S5: 111 | T5: 178 | U5: =IF(E5>0,D5/E5,"") | V5: =IF(D5>0,G5/D5,"") | W5: =IF(D5>0,C5/D5*1000,"") | X5: =IF(G5>0,C5/G5,"") | Y5: =IF(I5>0,C5/I5,"") | Z5: =IF(G5>0,H5/G5,"") | AA5: =IF(H5>0,I5/H5,"") | AB5: =IF(D5>0,J5/D5,"") | AC5: =IF(D5>0,O5/D5,"") | AD5: =IF(O5>0,S5/O5,"")
A6: instagram | B6: instagram_reels | C6: 162.05604 | D6: 5282 | E6: 3537 | F6: 171 | G6: 113 | H6: 11 | I6: 47 | J6: 304 | K6: 10 | L6: 1 | M6: 8 | N6: 3 | O6: 169 | P6: 100 | Q6: 60 | R6: 44 | S6: 30 | T6: 50 | U6: =IF(E6>0,D6/E6,"") | V6: =IF(D6>0,G6/D6,"") | W6: =IF(D6>0,C6/D6*1000,"") | X6: =IF(G6>0,C6/G6,"") | Y6: =IF(I6>0,C6/I6,"") | Z6: =IF(G6>0,H6/G6,"") | AA6: =IF(H6>0,I6/H6,"") | AB6: =IF(D6>0,J6/D6,"") | AC6: =IF(D6>0,O6/D6,"") | AD6: =IF(O6>0,S6/O6,"")
A7: facebook | B7: facebook_reels_overlay | C7: 113.43422 | D7: 8487 | E7: 6237 | F7: 86 | G7: 84 | H7: 19 | I7: 2 | J7: 93 | K7: 0 | L7: 0 | M7: 0 | N7: 0 | O7: 9 | P7: 6 | Q7: 2 | R7: 1 | S7: 1 | T7: 1 | U7: =IF(E7>0,D7/E7,"") | V7: =IF(D7>0,G7/D7,"") | W7: =IF(D7>0,C7/D7*1000,"") | X7: =IF(G7>0,C7/G7,"") | Y7: =IF(I7>0,C7/I7,"") | Z7: =IF(G7>0,H7/G7,"") | AA7: =IF(H7>0,I7/H7,"") | AB7: =IF(D7>0,J7/D7,"") | AC7: =IF(D7>0,O7/D7,"") | AD7: =IF(O7>0,S7/O7,"")
A8: facebook | B8: facebook_stories | C8: 95.213546 | D8: 1226 | E8: 900 | F8: 63 | G8: 56 | H8: 8 | I8: 5 | J8: 108 | K8: 0 | L8: 0 | M8: 0 | N8: 0 | O8: 52 | P8: 41 | Q8: 27 | R8: 17 | S8: 6 | T8: 25 | U8: =IF(E8>0,D8/E8,"") | V8: =IF(D8>0,G8/D8,"") | W8: =IF(D8>0,C8/D8*1000,"") | X8: =IF(G8>0,C8/G8,"") | Y8: =IF(I8>0,C8/I8,"") | Z8: =IF(G8>0,H8/G8,"") | AA8: =IF(H8>0,I8/H8,"") | AB8: =IF(D8>0,J8/D8,"") | AC8: =IF(D8>0,O8/D8,"") | AD8: =IF(O8>0,S8/O8,"")
A9: audience_network | B9: an_classic | C9: 72.082684 | D9: 5852 | E9: 1909 | F9: 118 | G9: 126 | H9: 69 | I9: 0 | J9: 126 | K9: 0 | L9: 0 | M9: 0 | N9: 0 | O9: 0 | P9: 0 | Q9: 0 | R9: 0 | S9: 0 | T9: 0 | U9: =IF(E9>0,D9/E9,"") | V9: =IF(D9>0,G9/D9,"") | W9: =IF(D9>0,C9/D9*1000,"") | X9: =IF(G9>0,C9/G9,"") | Y9: =IF(I9>0,C9/I9,"") | Z9: =IF(G9>0,H9/G9,"") | AA9: =IF(H9>0,I9/H9,"") | AB9: =IF(D9>0,J9/D9,"") | AC9: =IF(D9>0,O9/D9,"") | AD9: =IF(O9>0,S9/O9,"")
A10: facebook | B10: marketplace | C10: 59.142202 | D10: 2897 | E10: 1619 | F10: 26 | G10: 25 | H10: 3 | I10: 1 | J10: 48 | K10: 0 | L10: 0 | M10: 0 | N10: 0 | O10: 23 | P10: 15 | Q10: 7 | R10: 3 | S10: 4 | T10: 2 | U10: =IF(E10>0,D10/E10,"") | V10: =IF(D10>0,G10/D10,"") | W10: =IF(D10>0,C10/D10*1000,"") | X10: =IF(G10>0,C10/G10,"") | Y10: =IF(I10>0,C10/I10,"") | Z10: =IF(G10>0,H10/G10,"") | AA10: =IF(H10>0,I10/H10,"") | AB10: =IF(D10>0,J10/D10,"") | AC10: =IF(D10>0,O10/D10,"") | AD10: =IF(O10>0,S10/O10,"")
A11: facebook | B11: search | C11: 46.321725 | D11: 1713 | E11: 1309 | F11: 18 | G11: 16 | H11: 5 | I11: 2 | J11: 52 | K11: 0 | L11: 0 | M11: 0 | N11: 0 | O11: 36 | P11: 33 | Q11: 18 | R11: 13 | S11: 8 | T11: 10 | U11: =IF(E11>0,D11/E11,"") | V11: =IF(D11>0,G11/D11,"") | W11: =IF(D11>0,C11/D11*1000,"") | X11: =IF(G11>0,C11/G11,"") | Y11: =IF(I11>0,C11/I11,"") | Z11: =IF(G11>0,H11/G11,"") | AA11: =IF(H11>0,I11/H11,"") | AB11: =IF(D11>0,J11/D11,"") | AC11: =IF(D11>0,O11/D11,"") | AD11: =IF(O11>0,S11/O11,"")
A12: facebook | B12: instream_video | C12: 35.931338 | D12: 830 | E12: 625 | F12: 29 | G12: 13 | H12: 0 | I12: 2 | J12: 121 | K12: 7 | L12: 0 | M12: 0 | N12: 0 | O12: 101 | P12: 80 | Q12: 64 | R12: 21 | S12: 8 | T12: 62 | U12: =IF(E12>0,D12/E12,"") | V12: =IF(D12>0,G12/D12,"") | W12: =IF(D12>0,C12/D12*1000,"") | X12: =IF(G12>0,C12/G12,"") | Y12: =IF(I12>0,C12/I12,"") | Z12: =IF(G12>0,H12/G12,"") | AA12: =IF(H12>0,I12/H12,"") | AB12: =IF(D12>0,J12/D12,"") | AC12: =IF(D12>0,O12/D12,"") | AD12: =IF(O12>0,S12/O12,"")
A13: facebook | B13: facebook_notification | C13: 15.260568 | D13: 106 | E13: 93 | F13: 7 | G13: 7 | H13: 0 | I13: 0 | J13: 7 | K13: 0 | L13: 0 | M13: 0 | N13: 0 | O13: 0 | P13: 0 | Q13: 0 | R13: 0 | S13: 0 | T13: 0 | U13: =IF(E13>0,D13/E13,"") | V13: =IF(D13>0,G13/D13,"") | W13: =IF(D13>0,C13/D13*1000,"") | X13: =IF(G13>0,C13/G13,"") | Y13: =IF(I13>0,C13/I13,"") | Z13: =IF(G13>0,H13/G13,"") | AA13: =IF(H13>0,I13/H13,"") | AB13: =IF(D13>0,J13/D13,"") | AC13: =IF(D13>0,O13/D13,"") | AD13: =IF(O13>0,S13/O13,"")
... A21: facebook | B21: biz_disco_feed | C21: 0 | D21: 1 | E21: 1 | F21: 0 | G21: 0 | H21: 0 | I21: 0 | J21: 0 | K21: 0 | L21: 0 | M21: 0 | N21: 0 | O21: 0 | P21: 0 | Q21: 0 | R21: 0 | S21: 0 | T21: 0 | U21: =IF(E21>0,D21/E21,"") | V21: =IF(D21>0,G21/D21,"") | W21: =IF(D21>0,C21/D21*1000,"") | X21: =IF(G21>0,C21/G21,"") | Y21: =IF(I21>0,C21/I21,"") | Z21: =IF(G21>0,H21/G21,"") | AA21: =IF(H21>0,I21/H21,"") | AB21: =IF(D21>0,J21/D21,"") | AC21: =IF(D21>0,O21/D21,"") | AD21: =IF(O21>0,S21/O21,"")
A22: Total | C22: =SUM(C2:C21) | D22: =SUM(D2:D21) | F22: =SUM(F2:F21) | G22: =SUM(G2:G21) | H22: =SUM(H2:H21) | I22: =SUM(I2:I21) | J22: =SUM(J2:J21) | K22: =SUM(K2:K21) | L22: =SUM(L2:L21) | M22: =SUM(M2:M21) | ... T22: =SUM(T2:T21) | U22: =IF(E22>0,D22/E22,"") | V22: =IF(D22>0,G22/D22,"") | W22: =IF(D22>0,C22/D22*1000,"") | X22: =IF(G22>0,C22/G22,"") | Y22: =IF(I22>0,C22/I22,"") | Z22: =IF(G22>0,H22/G22,"") | AA22: =IF(H22>0,I22/H22,"") | AB22: =IF(D22>0,J22/D22,"") | AC22: =IF(D22>0,O22/D22,"") | AD22: =IF(O22>0,S22/O22,"")

Sheet Dispositivo
A1: Dispositivo | B1: Gasto (USD) | C1: Impresiones | D1: Alcance | E1: Clics (todos) | F1: Clics en enlace | G1: Landing page views | H1: Leads (Meta) | I1: Interacciones | J1: Reacciones | K1: Comentarios | L1: Compartidos | M1: Guardados | N1: Reproducciones 3 s | O1: Video 25% | P1: Video 50% | Q1: Video 75% | R1: Video 100% | S1: ThruPlay | T1: Frecuencia | U1: CTR enlace | V1: CPM (USD) | W1: CPC enlace (USD) | X1: CPL Meta (USD) | Y1: Clic → LPV | Z1: LPV → lead | AA1: Tasa de interacción | AB1: Hook rate (3 s / imp.) | AC1: Retención 100% / 3 s
A2: iphone | B2: 1950.0326 | C2: 56866 | D2: 24038 | E2: 1206 | F2: 673 | G2: 142 | H2: 146 | I2: 2754 | J2: 54 | K2: 5 | L2: 8 | M2: 14 | N2: 2000 | O2: 1287 | P2: 844 | Q2: 469 | R2: 291 | S2: 447 | T2: =IF(D2>0,C2/D2,"") | U2: =IF(C2>0,F2/C2,"") | V2: =IF(C2>0,B2/C2*1000,"") | W2: =IF(F2>0,B2/F2,"") | X2: =IF(H2>0,B2/H2,"") | Y2: =IF(F2>0,G2/F2,"") | Z2: =IF(G2>0,H2/G2,"") | AA2: =IF(C2>0,I2/C2,"") | AB2: =IF(C2>0,N2/C2,"") | AC2: =IF(N2>0,R2/N2,"")
A3: android_smartphone | B3: 1060.6995 | C3: 29766 | D3: 14184 | E3: 915 | F3: 532 | G3: 115 | H3: 133 | I3: 1251 | J3: 36 | K3: 3 | L3: 8 | M3: 6 | N3: 666 | O3: 454 | P3: 273 | Q3: 164 | R3: 107 | S3: 179 | T3: =IF(D3>0,C3/D3,"") | U3: =IF(C3>0,F3/C3,"") | V3: =IF(C3>0,B3/C3*1000,"") | W3: =IF(F3>0,B3/F3,"") | X3: =IF(H3>0,B3/H3,"") | Y3: =IF(F3>0,G3/F3,"") | Z3: =IF(G3>0,H3/G3,"") | AA3: =IF(C3>0,I3/C3,"") | AB3: =IF(C3>0,N3/C3,"") | AC3: =IF(N3>0,R3/N3,"")
A4: desktop | B4: 119.55445 | C4: 2432 | D4: 1205 | E4: 51 | F4: 16 | G4: 3 | H4: 8 | I4: 37 | J4: 5 | K4: 0 | L4: 0 | M4: 0 | N4: 16 | O4: 16 | P4: 9 | Q4: 6 | R4: 2 | S4: 4 | T4: =IF(D4>0,C4/D4,"") | U4: =IF(C4>0,F4/C4,"") | V4: =IF(C4>0,B4/C4*1000,"") | W4: =IF(F4>0,B4/F4,"") | X4: =IF(H4>0,B4/H4,"") | Y4: =IF(F4>0,G4/F4,"") | Z4: =IF(G4>0,H4/G4,"") | AA4: =IF(C4>0,I4/C4,"") | AB4: =IF(C4>0,N4/C4,"") | AC4: =IF(N4>0,R4/N4,"")
A5: ipad | B5: 65.122425 | C5: 1372 | D5: 642 | E5: 21 | F5: 14 | G5: 10 | H5: 2 | I5: 32 | J5: 3 | K5: 0 | L5: 0 | M5: 0 | N5: 15 | O5: 14 | P5: 7 | Q5: 4 | R5: 4 | S5: 5 | T5: =IF(D5>0,C5/D5,"") | U5: =IF(C5>0,F5/C5,"") | V5: =IF(C5>0,B5/C5*1000,"") | W5: =IF(F5>0,B5/F5,"") | X5: =IF(H5>0,B5/H5,"") | Y5: =IF(F5>0,G5/F5,"") | Z5: =IF(G5>0,H5/G5,"") | AA5: =IF(C5>0,I5/C5,"") | AB5: =IF(C5>0,N5/C5,"") | AC5: =IF(N5>0,R5/N5,"")
A6: android_tablet | B6: 15.440575 | C6: 450 | D6: 244 | E6: 20 | F6: 16 | G6: 6 | H6: 1 | I6: 29 | J6: 2 | K6: 0 | L6: 0 | M6: 0 | N6: 11 | O6: 8 | P6: 6 | Q6: 5 | R6: 3 | S6: 5 | T6: =IF(D6>0,C6/D6,"") | U6: =IF(C6>0,F6/C6,"") | V6: =IF(C6>0,B6/C6*1000,"") | W6: =IF(F6>0,B6/F6,"") | X6: =IF(H6>0,B6/H6,"") | Y6: =IF(F6>0,G6/F6,"") | Z6: =IF(G6>0,H6/G6,"") | AA6: =IF(C6>0,I6/C6,"") | AB6: =IF(C6>0,N6/C6,"") | AC6: =IF(N6>0,R6/N6,"")
A7: other | B7: 11.600432 | C7: 224 | D7: 141 | E7: 5 | F7: 6 | G7: 1 | H7: 0 | I7: 9 | J7: 0 | K7: 1 | L7: 0 | M7: 0 | N7: 2 | O7: 3 | P7: 3 | Q7: 2 | R7: 2 | S7: 2 | T7: =IF(D7>0,C7/D7,"") | U7: =IF(C7>0,F7/C7,"") | V7: =IF(C7>0,B7/C7*1000,"") | W7: =IF(F7>0,B7/F7,"") | X7: =IF(H7>0,B7/H7,"") | Y7: =IF(F7>0,G7/F7,"") | Z7: =IF(G7>0,H7/G7,"") | AA7: =IF(C7>0,I7/C7,"") | AB7: =IF(C7>0,N7/C7,"") | AC7: =IF(N7>0,R7/N7,"")
A8: Total | B8: =SUM(B2:B7) | C8: =SUM(C2:C7) | E8: =SUM(E2:E7) | F8: =SUM(F2:F7) | G8: =SUM(G2:G7) | H8: =SUM(H2:H7) | I8: =SUM(I2:I7) | J8: =SUM(J2:J7) | K8: =SUM(K2:K7) | L8: =SUM(L2:L7) | ... S8: =SUM(S2:S7) | T8: =IF(D8>0,C8/D8,"") | U8: =IF(C8>0,F8/C8,"") | V8: =IF(C8>0,B8/C8*1000,"") | W8: =IF(F8>0,B8/F8,"") | X8: =IF(H8>0,B8/H8,"") | Y8: =IF(F8>0,G8/F8,"") | Z8: =IF(G8>0,H8/G8,"") | AA8: =IF(C8>0,I8/C8,"") | AB8: =IF(C8>0,N8/C8,"") | AC8: =IF(N8>0,R8/N8,"")

Sheet Hora
A1: Hora (zona de la cuenta) | B1: Gasto (USD) | C1: Impresiones | D1: Alcance | E1: Clics (todos) | F1: Clics en enlace | G1: Landing page views | H1: Leads (Meta) | I1: Interacciones | J1: Reacciones | K1: Comentarios | L1: Compartidos | M1: Guardados | N1: Reproducciones 3 s | O1: Video 25% | P1: Video 50% | Q1: Video 75% | R1: Video 100% | S1: ThruPlay | T1: Frecuencia | U1: CTR enlace | V1: CPM (USD) | W1: CPC enlace (USD) | X1: CPL Meta (USD) | Y1: Clic → LPV | Z1: LPV → lead | AA1: Tasa de interacción | AB1: Hook rate (3 s / imp.) | AC1: Retención 100% / 3 s
A2: 00:00 | B2: 119.26444 | C2: 3558 | E2: 126 | F2: 82 | G2: 25 | H2: 19 | I2: 142 | J2: 2 | K2: 0 | L2: 1 | M2: 0 | N2: 57 | O2: 0 | P2: 0 | Q2: 0 | R2: 0 | S2: 0 | T2: =IF(D2>0,C2/D2,"") | U2: =IF(C2>0,F2/C2,"") | V2: =IF(C2>0,B2/C2*1000,"") | W2: =IF(F2>0,B2/F2,"") | X2: =IF(H2>0,B2/H2,"") | Y2: =IF(F2>0,G2/F2,"") | Z2: =IF(G2>0,H2/G2,"") | AA2: =IF(C2>0,I2/C2,"") | AB2: =IF(C2>0,N2/C2,"") | AC2: =IF(N2>0,R2/N2,"")
A3: 01:00 | B3: 54.592033 | C3: 1430 | E3: 48 | F3: 26 | G3: 4 | H3: 5 | I3: 73 | J3: 3 | K3: 0 | L3: 0 | M3: 0 | N3: 44 | O3: 0 | P3: 0 | Q3: 0 | R3: 0 | S3: 0 | T3: =IF(D3>0,C3/D3,"") | U3: =IF(C3>0,F3/C3,"") | V3: =IF(C3>0,B3/C3*1000,"") | W3: =IF(F3>0,B3/F3,"") | X3: =IF(H3>0,B3/H3,"") | Y3: =IF(F3>0,G3/F3,"") | Z3: =IF(G3>0,H3/G3,"") | AA3: =IF(C3>0,I3/C3,"") | AB3: =IF(C3>0,N3/C3,"") | AC3: =IF(N3>0,R3/N3,"")
A4: 02:00 | B4: 42.44158 | C4: 1009 | E4: 42 | F4: 23 | G4: 2 | H4: 8 | I4: 56 | J4: 1 | K4: 0 | L4: 1 | M4: 0 | N4: 31 | O4: 0 | P4: 0 | Q4: 0 | R4: 0 | S4: 0 | T4: =IF(D4>0,C4/D4,"") | U4: =IF(C4>0,F4/C4,"") | V4: =IF(C4>0,B4/C4*1000,"") | W4: =IF(F4>0,B4/F4,"") | X4: =IF(H4>0,B4/H4,"") | Y4: =IF(F4>0,G4/F4,"") | Z4: =IF(G4>0,H4/G4,"") | AA4: =IF(C4>0,I4/C4,"") | AB4: =IF(C4>0,N4/C4,"") | AC4: =IF(N4>0,R4/N4,"")
A5: 03:00 | B5: 34.201274 | C5: 866 | E5: 24 | F5: 14 | G5: 5 | H5: 3 | I5: 45 | J5: 3 | K5: 0 | L5: 1 | M5: 0 | N5: 27 | O5: 0 | P5: 0 | Q5: 0 | R5: 0 | S5: 0 | T5: =IF(D5>0,C5/D5,"") | U5: =IF(C5>0,F5/C5,"") | V5: =IF(C5>0,B5/C5*1000,"") | W5: =IF(F5>0,B5/F5,"") | X5: =IF(H5>0,B5/H5,"") | Y5: =IF(F5>0,G5/F5,"") | Z5: =IF(G5>0,H5/G5,"") | AA5: =IF(C5>0,I5/C5,"") | AB5: =IF(C5>0,N5/C5,"") | AC5: =IF(N5>0,R5/N5,"")
A6: 04:00 | B6: 42.821595 | C6: 991 | E6: 28 | F6: 14 | G6: 3 | H6: 2 | I6: 50 | J6: 1 | K6: 1 | L6: 0 | M6: 0 | N6: 34 | O6: 0 | P6: 0 | Q6: 0 | R6: 0 | S6: 0 | T6: =IF(D6>0,C6/D6,"") | U6: =IF(C6>0,F6/C6,"") | V6: =IF(C6>0,B6/C6*1000,"") | W6: =IF(F6>0,B6/F6,"") | X6: =IF(H6>0,B6/H6,"") | Y6: =IF(F6>0,G6/F6,"") | Z6: =IF(G6>0,H6/G6,"") | AA6: =IF(C6>0,I6/C6,"") | AB6: =IF(C6>0,N6/C6,"") | AC6: =IF(N6>0,R6/N6,"")
A7: 05:00 | B7: 64.742411 | C7: 1408 | E7: 25 | F7: 10 | G7: 2 | H7: 1 | I7: 63 | J7: 7 | K7: 0 | L7: 0 | M7: 1 | N7: 45 | O7: 0 | P7: 0 | Q7: 0 | R7: 0 | S7: 0 | T7: =IF(D7>0,C7/D7,"") | U7: =IF(C7>0,F7/C7,"") | V7: =IF(C7>0,B7/C7*1000,"") | W7: =IF(F7>0,B7/F7,"") | X7: =IF(H7>0,B7/H7,"") | Y7: =IF(F7>0,G7/F7,"") | Z7: =IF(G7>0,H7/G7,"") | AA7: =IF(C7>0,I7/C7,"") | AB7: =IF(C7>0,N7/C7,"") | AC7: =IF(N7>0,R7/N7,"")
A8: 06:00 | B8: 112.22418 | C8: 2294 | E8: 58 | F8: 33 | G8: 9 | H8: 10 | I8: 123 | J8: 3 | K8: 0 | L8: 0 | M8: 0 | N8: 87 | O8: 0 | P8: 0 | Q8: 0 | R8: 0 | S8: 0 | T8: =IF(D8>0,C8/D8,"") | U8: =IF(C8>0,F8/C8,"") | V8: =IF(C8>0,B8/C8*1000,"") | W8: =IF(F8>0,B8/F8,"") | X8: =IF(H8>0,B8/H8,"") | Y8: =IF(F8>0,G8/F8,"") | Z8: =IF(G8>0,H8/G8,"") | AA8: =IF(C8>0,I8/C8,"") | AB8: =IF(C8>0,N8/C8,"") | AC8: =IF(N8>0,R8/N8,"")
A9: 07:00 | B9: 146.65546 | C9: 3736 | E9: 100 | F9: 60 | G9: 11 | H9: 12 | I9: 223 | J9: 2 | K9: 0 | L9: 2 | M9: 1 | N9: 158 | O9: 0 | P9: 0 | Q9: 0 | R9: 0 | S9: 0 | T9: =IF(D9>0,C9/D9,"") | U9: =IF(C9>0,F9/C9,"") | V9: =IF(C9>0,B9/C9*1000,"") | W9: =IF(F9>0,B9/F9,"") | X9: =IF(H9>0,B9/H9,"") | Y9: =IF(F9>0,G9/F9,"") | Z9: =IF(G9>0,H9/G9,"") | AA9: =IF(C9>0,I9/C9,"") | AB9: =IF(C9>0,N9/C9,"") | AC9: =IF(N9>0,R9/N9,"")
A10: 08:00 | B10: 207.78774 | C10: 4523 | E10: 86 | F10: 49 | G10: 13 | H10: 12 | I10: 222 | J10: 2 | K10: 0 | L10: 0 | M10: 2 | N10: 169 | O10: 0 | P10: 0 | Q10: 0 | R10: 0 | S10: 0 | T10: =IF(D10>0,C10/D10,"") | U10: =IF(C10>0,F10/C10,"") | V10: =IF(C10>0,B10/C10*1000,"") | W10: =IF(F10>0,B10/F10,"") | X10: =IF(H10>0,B10/H10,"") | Y10: =IF(F10>0,G10/F10,"") | Z10: =IF(G10>0,H10/G10,"") | AA10: =IF(C10>0,I10/C10,"") | AB10: =IF(C10>0,N10/C10,"") | AC10: =IF(N10>0,R10/N10,"")
A11: 09:00 | B11: 181.22675 | C11: 4537 | E11: 88 | F11: 44 | G11: 10 | H11: 8 | I11: 203 | J11: 5 | K11: 0 | L11: 0 | M11: 0 | N11: 154 | O11: 0 | P11: 0 | Q11: 0 | R11: 0 | S11: 0 | T11: =IF(D11>0,C11/D11,"") | U11: =IF(C11>0,F11/C11,"") | V11: =IF(C11>0,B11/C11*1000,"") | W11: =IF(F11>0,B11/F11,"") | X11: =IF(H11>0,B11/H11,"") | Y11: =IF(F11>0,G11/F11,"") | Z11: =IF(G11>0,H11/G11,"") | AA11: =IF(C11>0,I11/C11,"") | AB11: =IF(C11>0,N11/C11,"") | AC11: =IF(N11>0,R11/N11,"")
A12: 10:00 | B12: 174.4465 | C12: 4477 | E12: 127 | F12: 75 | G12: 13 | H12: 15 | I12: 237 | J12: 7 | K12: 1 | L12: 1 | M12: 2 | N12: 151 | O12: 0 | P12: 0 | Q12: 0 | R12: 0 | S12: 0 | T12: =IF(D12>0,C12/D12,"") | U12: =IF(C12>0,F12/C12,"") | V12: =IF(C12>0,B12/C12*1000,"") | W12: =IF(F12>0,B12/F12,"") | X12: =IF(H12>0,B12/H12,"") | Y12: =IF(F12>0,G12/F12,"") | Z12: =IF(G12>0,H12/G12,"") | AA12: =IF(C12>0,I12/C12,"") | AB12: =IF(C12>0,N12/C12,"") | AC12: =IF(N12>0,R12/N12,"")
A13: 11:00 | B13: 186.65695 | C13: 4741 | E13: 136 | F13: 71 | G13: 19 | H13: 22 | I13: 247 | J13: 9 | K13: 0 | L13: 2 | M13: 1 | N13: 164 | O13: 0 | P13: 0 | Q13: 0 | R13: 0 | S13: 0 | T13: =IF(D13>0,C13/D13,"") | U13: =IF(C13>0,F13/C13,"") | V13: =IF(C13>0,B13/C13*1000,"") | W13: =IF(F13>0,B13/F13,"") | X13: =IF(H13>0,B13/H13,"") | Y13: =IF(F13>0,G13/F13,"") | Z13: =IF(G13>0,H13/G13,"") | AA13: =IF(C13>0,I13/C13,"") | AB13: =IF(C13>0,N13/C13,"") | AC13: =IF(N13>0,R13/N13,"")
... A25: 23:00 | B25: 84.433144 | C25: 2847 | E25: 73 | F25: 46 | G25: 5 | H25: 12 | I25: 134 | J25: 7 | K25: 0 | L25: 0 | M25: 2 | N25: 79 | O25: 0 | P25: 0 | Q25: 0 | R25: 0 | S25: 0 | T25: =IF(D25>0,C25/D25,"") | U25: =IF(C25>0,F25/C25,"") | V25: =IF(C25>0,B25/C25*1000,"") | W25: =IF(F25>0,B25/F25,"") | X25: =IF(H25>0,B25/H25,"") | Y25: =IF(F25>0,G25/F25,"") | Z25: =IF(G25>0,H25/G25,"") | AA25: =IF(C25>0,I25/C25,"") | AB25: =IF(C25>0,N25/C25,"") | AC25: =IF(N25>0,R25/N25,"")
A26: Total | B26: =SUM(B2:B25) | C26: =SUM(C2:C25) | E26: =SUM(E2:E25) | F26: =SUM(F2:F25) | G26: =SUM(G2:G25) | H26: =SUM(H2:H25) | I26: =SUM(I2:I25) | J26: =SUM(J2:J25) | K26: =SUM(K2:K25) | L26: =SUM(L2:L25) | ... S26: =SUM(S2:S25) | T26: =IF(D26>0,C26/D26,"") | U26: =IF(C26>0,F26/C26,"") | V26: =IF(C26>0,B26/C26*1000,"") | W26: =IF(F26>0,B26/F26,"") | X26: =IF(H26>0,B26/H26,"") | Y26: =IF(F26>0,G26/F26,"") | Z26: =IF(G26>0,H26/G26,"") | AA26: =IF(C26>0,I26/C26,"") | AB26: =IF(C26>0,N26/C26,"") | AC26: =IF(N26>0,R26/N26,"")
A28: Meta no entrega alcance por hora.
