Workbook

Sheet Resumen
A1: Reporte técnico · Meta Ads · OrchidPros
A2: Periodo: 2026-10-19 a 2026-10-25 · campaña ORCHID - Leads - Hire VA - 2026 OCT - ABO · cuenta act_1806647434085082
A4: Métrica | B4: Valor
A5: Gasto (USD) | B5: =Diario!B6 -> 177.45
A6: Impresiones | B6: =Diario!C6 -> 1556
A7: Clics en enlace | B7: =Diario!F6 -> 25
A8: Landing page views | B8: =Diario!G6 -> 16
A9: Leads (Meta) | B9: =Diario!H6 -> 1
A10: Interacciones | B10: =Diario!I6 -> 34
A11: Reproducciones 3 s | B11: =Diario!N6 -> 0
A12: ThruPlay | B12: =Diario!S6 -> 0
A13: CTR enlace | B13: =Diario!U6 -> 0.016066838
A14: CPM (USD) | B14: =Diario!V6 -> 114.04242
A15: CPC enlace (USD) | B15: =Diario!W6 -> 7.098
A16: CPL Meta (USD) | B16: =Diario!X6 -> 177.45
A17: Clic → LPV | B17: =Diario!Y6 -> 0.64
A18: LPV → lead | B18: =Diario!Z6 -> 0.0625
A19: Hook rate (3 s / imp.) | B19: =Diario!AB6 -> 0
A20: Retención 100% / 3 s | B20: =Diario!AC6
A21: Alcance (personas únicas) | B21: 939
A22: Frecuencia | B22: =IF(B21>0,B6/B21,"") -> 1.657082
A24: Notas
A25: Fuente: Meta Marketing API (atribución por defecto de la cuenta). Pueden variar levemente frente a Ads Manager.
A26: Tasas calculadas con fórmulas en cada hoja: CTR = clics en enlace / impresiones; CPL Meta = gasto / leads de Meta.
A27: Lead (Meta) cuenta todo formulario enviado; la calidad real está en la hoja 'Calidad de leads' (GHL).
A28: Alcance no es sumable entre segmentos; el total de cada hoja lo omite.

Sheet Diario
A1: Fecha | B1: Gasto (USD) | C1: Impresiones | D1: Alcance | E1: Clics (todos) | F1: Clics en enlace | G1: Landing page views | H1: Leads (Meta) | I1: Interacciones | J1: Reacciones | K1: Comentarios | L1: Compartidos | M1: Guardados | N1: Reproducciones 3 s | O1: Video 25% | P1: Video 50% | Q1: Video 75% | R1: Video 100% | S1: ThruPlay | T1: Frecuencia | U1: CTR enlace | V1: CPM (USD) | W1: CPC enlace (USD) | X1: CPL Meta (USD) | Y1: Clic → LPV | Z1: LPV → lead | AA1: Tasa de interacción | AB1: Hook rate (3 s / imp.) | AC1: Retención 100% / 3 s
A2: 2026-10-19 | B2: 16.49 | C2: 119 | D2: 90 | E2: 4 | F2: 3 | G2: 2 | H2: 0 | I2: 5 | J2: 1 | K2: 0 | L2: 1 | M2: 0 | N2: 0 | O2: 0 | P2: 0 | Q2: 0 | R2: 0 | S2: 0 | T2: =IF(D2>0,C2/D2,"") -> 1.3222222 | U2: =IF(C2>0,F2/C2,"") -> 0.025210084 | V2: =IF(C2>0,B2/C2*1000,"") -> 138.57143 | W2: =IF(F2>0,B2/F2,"") -> 5.4966667 | X2: =IF(H2>0,B2/H2,"") | Y2: =IF(F2>0,G2/F2,"") -> 0.66666667 | Z2: =IF(G2>0,H2/G2,"") -> 0 | AA2: =IF(C2>0,I2/C2,"") -> 0.042016807 | AB2: =IF(C2>0,N2/C2,"") -> 0 | AC2: =IF(N2>0,R2/N2,"")
A3: 2026-10-21 | B3: 71.3 | C3: 674 | D3: 506 | E3: 20 | F3: 14 | G3: 8 | H3: 0 | I3: 17 | J3: 3 | K3: 0 | L3: 0 | M3: 0 | N3: 0 | O3: 0 | P3: 0 | Q3: 0 | R3: 0 | S3: 0 | T3: =IF(D3>0,C3/D3,"") -> 1.3320158 | U3: =IF(C3>0,F3/C3,"") -> 0.020771513 | V3: =IF(C3>0,B3/C3*1000,"") -> 105.78635 | W3: =IF(F3>0,B3/F3,"") -> 5.0928571 | X3: =IF(H3>0,B3/H3,"") | Y3: =IF(F3>0,G3/F3,"") -> 0.57142857 | Z3: =IF(G3>0,H3/G3,"") -> 0 | AA3: =IF(C3>0,I3/C3,"") -> 0.025222552 | AB3: =IF(C3>0,N3/C3,"") -> 0 | AC3: =IF(N3>0,R3/N3,"")
A4: 2026-10-22 | B4: 53.51 | C4: 412 | D4: 287 | E4: 8 | F4: 5 | G4: 4 | H4: 0 | I4: 7 | J4: 2 | K4: 0 | L4: 0 | M4: 0 | N4: 0 | O4: 0 | P4: 0 | Q4: 0 | R4: 0 | S4: 0 | T4: =IF(D4>0,C4/D4,"") -> 1.4355401 | U4: =IF(C4>0,F4/C4,"") -> 0.012135922 | V4: =IF(C4>0,B4/C4*1000,"") -> 129.87864 | W4: =IF(F4>0,B4/F4,"") -> 10.702 | X4: =IF(H4>0,B4/H4,"") | Y4: =IF(F4>0,G4/F4,"") -> 0.8 | Z4: =IF(G4>0,H4/G4,"") -> 0 | AA4: =IF(C4>0,I4/C4,"") -> 0.016990291 | AB4: =IF(C4>0,N4/C4,"") -> 0 | AC4: =IF(N4>0,R4/N4,"")
A5: 2026-10-23 | B5: 36.15 | C5: 351 | D5: 268 | E5: 5 | F5: 3 | G5: 2 | H5: 1 | I5: 5 | J5: 1 | K5: 1 | L5: 0 | M5: 0 | N5: 0 | O5: 0 | P5: 0 | Q5: 0 | R5: 0 | S5: 0 | T5: =IF(D5>0,C5/D5,"") -> 1.3097015 | U5: =IF(C5>0,F5/C5,"") -> 0.0085470085 | V5: =IF(C5>0,B5/C5*1000,"") -> 102.99145 | W5: =IF(F5>0,B5/F5,"") -> 12.05 | X5: =IF(H5>0,B5/H5,"") -> 36.15 | Y5: =IF(F5>0,G5/F5,"") -> 0.66666667 | Z5: =IF(G5>0,H5/G5,"") -> 0.5 | AA5: =IF(C5>0,I5/C5,"") -> 0.014245014 | AB5: =IF(C5>0,N5/C5,"") -> 0 | AC5: =IF(N5>0,R5/N5,"")
A6: Total | B6: =SUM(B2:B5) -> 177.45 | C6: =SUM(C2:C5) -> 1556 | E6: =SUM(E2:E5) -> 37 | F6: =SUM(F2:F5) -> 25 | G6: =SUM(G2:G5) -> 16 | H6: =SUM(H2:H5) -> 1 | I6: =SUM(I2:I5) -> 34 | J6: =SUM(J2:J5) -> 7 | K6: =SUM(K2:K5) -> 1 | L6: =SUM(L2:L5) -> 1 | ... S6: =SUM(S2:S5) -> 0 | T6: =IF(D6>0,C6/D6,"") | U6: =IF(C6>0,F6/C6,"") -> 0.016066838 | V6: =IF(C6>0,B6/C6*1000,"") -> 114.04242 | W6: =IF(F6>0,B6/F6,"") -> 7.098 | X6: =IF(H6>0,B6/H6,"") -> 177.45 | Y6: =IF(F6>0,G6/F6,"") -> 0.64 | Z6: =IF(G6>0,H6/G6,"") -> 0.0625 | AA6: =IF(C6>0,I6/C6,"") -> 0.0218509 | AB6: =IF(C6>0,N6/C6,"") -> 0 | AC6: =IF(N6>0,R6/N6,"")

Sheet Anuncios
A1: Anuncio | B1: Gasto (USD) | C1: Impresiones | D1: Alcance | E1: Clics (todos) | F1: Clics en enlace | G1: Landing page views | H1: Leads (Meta) | I1: Interacciones | J1: Reacciones | K1: Comentarios | L1: Compartidos | M1: Guardados | N1: Reproducciones 3 s | O1: Video 25% | P1: Video 50% | Q1: Video 75% | R1: Video 100% | S1: ThruPlay | T1: Frecuencia | U1: CTR enlace | V1: CPM (USD) | W1: CPC enlace (USD) | X1: CPL Meta (USD) | Y1: Clic → LPV | Z1: LPV → lead | AA1: Tasa de interacción | AB1: Hook rate (3 s / imp.) | AC1: Retención 100% / 3 s
A2: 🔵 S11 Immigration Intake Calls - Hyperlocal - 2026 Oct | B2: 97.45 | C2: 677 | D2: 461 | E2: 14 | F2: 8 | G2: 3 | H2: 0 | I2: 12 | J2: 3 | K2: 0 | L2: 1 | M2: 0 | N2: 0 | O2: 0 | P2: 0 | Q2: 0 | R2: 0 | S2: 0 | T2: =IF(D2>0,C2/D2,"") -> 1.4685466 | U2: =IF(C2>0,F2/C2,"") -> 0.011816839 | V2: =IF(C2>0,B2/C2*1000,"") -> 143.94387 | W2: =IF(F2>0,B2/F2,"") -> 12.18125 | X2: =IF(H2>0,B2/H2,"") | Y2: =IF(F2>0,G2/F2,"") -> 0.375 | Z2: =IF(G2>0,H2/G2,"") -> 0 | AA2: =IF(C2>0,I2/C2,"") -> 0.017725258 | AB2: =IF(C2>0,N2/C2,"") -> 0 | AC2: =IF(N2>0,R2/N2,"")
A3: 🔵 H3 Saturdays Back - Hyperlocal - 2026 Oct | B3: 41.47 | C3: 340 | D3: 234 | E3: 8 | F3: 4 | G3: 3 | H3: 0 | I3: 7 | J3: 3 | K3: 0 | L3: 0 | M3: 0 | N3: 0 | O3: 0 | P3: 0 | Q3: 0 | R3: 0 | S3: 0 | T3: =IF(D3>0,C3/D3,"") -> 1.4529915 | U3: =IF(C3>0,F3/C3,"") -> 0.011764706 | V3: =IF(C3>0,B3/C3*1000,"") -> 121.97059 | W3: =IF(F3>0,B3/F3,"") -> 10.3675 | X3: =IF(H3>0,B3/H3,"") | Y3: =IF(F3>0,G3/F3,"") -> 0.75 | Z3: =IF(G3>0,H3/G3,"") -> 0 | AA3: =IF(C3>0,I3/C3,"") -> 0.020588235 | AB3: =IF(C3>0,N3/C3,"") -> 0 | AC3: =IF(N3>0,R3/N3,"")
A4: 🔵 H5 Phones While In Court - Hyperlocal - 2026 Oct | B4: 20.13 | C4: 194 | D4: 159 | E4: 4 | F4: 2 | G4: 1 | H4: 1 | I4: 4 | J4: 1 | K4: 1 | L4: 0 | M4: 0 | N4: 0 | O4: 0 | P4: 0 | Q4: 0 | R4: 0 | S4: 0 | T4: =IF(D4>0,C4/D4,"") -> 1.2201258 | U4: =IF(C4>0,F4/C4,"") -> 0.010309278 | V4: =IF(C4>0,B4/C4*1000,"") -> 103.76289 | W4: =IF(F4>0,B4/F4,"") -> 10.065 | X4: =IF(H4>0,B4/H4,"") -> 20.13 | Y4: =IF(F4>0,G4/F4,"") -> 0.5 | Z4: =IF(G4>0,H4/G4,"") -> 1 | AA4: =IF(C4>0,I4/C4,"") -> 0.020618557 | AB4: =IF(C4>0,N4/C4,"") -> 0 | AC4: =IF(N4>0,R4/N4,"")
A5: S9 Attorneys In-Person Cost - Hyperlocal - 2026 Oct | B5: 17.82 | C5: 337 | D5: 251 | E5: 9 | F5: 9 | G5: 7 | H5: 0 | I5: 9 | J5: 0 | K5: 0 | L5: 0 | M5: 0 | N5: 0 | O5: 0 | P5: 0 | Q5: 0 | R5: 0 | S5: 0 | T5: =IF(D5>0,C5/D5,"") -> 1.3426295 | U5: =IF(C5>0,F5/C5,"") -> 0.026706231 | V5: =IF(C5>0,B5/C5*1000,"") -> 52.878338 | W5: =IF(F5>0,B5/F5,"") -> 1.98 | X5: =IF(H5>0,B5/H5,"") | Y5: =IF(F5>0,G5/F5,"") -> 0.77777778 | Z5: =IF(G5>0,H5/G5,"") -> 0 | AA5: =IF(C5>0,I5/C5,"") -> 0.026706231 | AB5: =IF(C5>0,N5/C5,"") -> 0 | AC5: =IF(N5>0,R5/N5,"")
A6: S10 Interns Turnover - Hyperlocal - 2026 Oct | B6: 0.58 | C6: 8 | D6: 8 | E6: 2 | F6: 2 | G6: 2 | H6: 0 | I6: 2 | J6: 0 | K6: 0 | L6: 0 | M6: 0 | N6: 0 | O6: 0 | P6: 0 | Q6: 0 | R6: 0 | S6: 0 | T6: =IF(D6>0,C6/D6,"") -> 1 | U6: =IF(C6>0,F6/C6,"") -> 0.25 | V6: =IF(C6>0,B6/C6*1000,"") -> 72.5 | W6: =IF(F6>0,B6/F6,"") -> 0.29 | X6: =IF(H6>0,B6/H6,"") | Y6: =IF(F6>0,G6/F6,"") -> 1 | Z6: =IF(G6>0,H6/G6,"") -> 0 | AA6: =IF(C6>0,I6/C6,"") -> 0.25 | AB6: =IF(C6>0,N6/C6,"") -> 0 | AC6: =IF(N6>0,R6/N6,"")
A7: Total | B7: =SUM(B2:B6) -> 177.45 | C7: =SUM(C2:C6) -> 1556 | E7: =SUM(E2:E6) -> 37 | F7: =SUM(F2:F6) -> 25 | G7: =SUM(G2:G6) -> 16 | H7: =SUM(H2:H6) -> 1 | I7: =SUM(I2:I6) -> 34 | J7: =SUM(J2:J6) -> 7 | K7: =SUM(K2:K6) -> 1 | L7: =SUM(L2:L6) -> 1 | ... S7: =SUM(S2:S6) -> 0 | T7: =IF(D7>0,C7/D7,"") | U7: =IF(C7>0,F7/C7,"") -> 0.016066838 | V7: =IF(C7>0,B7/C7*1000,"") -> 114.04242 | W7: =IF(F7>0,B7/F7,"") -> 7.098 | X7: =IF(H7>0,B7/H7,"") -> 177.45 | Y7: =IF(F7>0,G7/F7,"") -> 0.64 | Z7: =IF(G7>0,H7/G7,"") -> 0.0625 | AA7: =IF(C7>0,I7/C7,"") -> 0.0218509 | AB7: =IF(C7>0,N7/C7,"") -> 0 | AC7: =IF(N7>0,R7/N7,"")

Sheet Edad
A1: Edad | B1: Gasto (USD) | C1: Impresiones | D1: Alcance | E1: Clics (todos) | F1: Clics en enlace | G1: Landing page views | H1: Leads (Meta) | I1: Interacciones | J1: Reacciones | K1: Comentarios | L1: Compartidos | M1: Guardados | N1: Reproducciones 3 s | O1: Video 25% | P1: Video 50% | Q1: Video 75% | R1: Video 100% | S1: ThruPlay | T1: Frecuencia | U1: CTR enlace | V1: CPM (USD) | W1: CPC enlace (USD) | X1: CPL Meta (USD) | Y1: Clic → LPV | Z1: LPV → lead | AA1: Tasa de interacción | AB1: Hook rate (3 s / imp.) | AC1: Retención 100% / 3 s
A2: 65+ | B2: 53.75 | C2: 271 | D2: 184 | E2: 5 | F2: 4 | G2: 4 | H2: 0 | I2: 5 | J2: 1 | K2: 0 | L2: 0 | M2: 0 | N2: 0 | O2: 0 | P2: 0 | Q2: 0 | R2: 0 | S2: 0 | T2: =IF(D2>0,C2/D2,"") -> 1.4728261 | U2: =IF(C2>0,F2/C2,"") -> 0.014760148 | V2: =IF(C2>0,B2/C2*1000,"") -> 198.33948 | W2: =IF(F2>0,B2/F2,"") -> 13.4375 | X2: =IF(H2>0,B2/H2,"") | Y2: =IF(F2>0,G2/F2,"") -> 1 | Z2: =IF(G2>0,H2/G2,"") -> 0 | AA2: =IF(C2>0,I2/C2,"") -> 0.018450185 | AB2: =IF(C2>0,N2/C2,"") -> 0 | AC2: =IF(N2>0,R2/N2,"")
A3: 55-64 | B3: 36.17 | C3: 263 | D3: 157 | E3: 11 | F3: 8 | G3: 6 | H3: 0 | I3: 10 | J3: 2 | K3: 0 | L3: 0 | M3: 0 | N3: 0 | O3: 0 | P3: 0 | Q3: 0 | R3: 0 | S3: 0 | T3: =IF(D3>0,C3/D3,"") -> 1.6751592 | U3: =IF(C3>0,F3/C3,"") -> 0.030418251 | V3: =IF(C3>0,B3/C3*1000,"") -> 137.52852 | W3: =IF(F3>0,B3/F3,"") -> 4.52125 | X3: =IF(H3>0,B3/H3,"") | Y3: =IF(F3>0,G3/F3,"") -> 0.75 | Z3: =IF(G3>0,H3/G3,"") -> 0 | AA3: =IF(C3>0,I3/C3,"") -> 0.038022814 | AB3: =IF(C3>0,N3/C3,"") -> 0 | AC3: =IF(N3>0,R3/N3,"")
A4: 25-34 | B4: 33.65 | C4: 406 | D4: 227 | E4: 13 | F4: 8 | G4: 4 | H4: 1 | I4: 13 | J4: 3 | K4: 1 | L4: 1 | M4: 0 | N4: 0 | O4: 0 | P4: 0 | Q4: 0 | R4: 0 | S4: 0 | T4: =IF(D4>0,C4/D4,"") -> 1.7885463 | U4: =IF(C4>0,F4/C4,"") -> 0.019704433 | V4: =IF(C4>0,B4/C4*1000,"") -> 82.881773 | W4: =IF(F4>0,B4/F4,"") -> 4.20625 | X4: =IF(H4>0,B4/H4,"") -> 33.65 | Y4: =IF(F4>0,G4/F4,"") -> 0.5 | Z4: =IF(G4>0,H4/G4,"") -> 0.25 | AA4: =IF(C4>0,I4/C4,"") -> 0.032019704 | AB4: =IF(C4>0,N4/C4,"") -> 0 | AC4: =IF(N4>0,R4/N4,"")
A5: 35-44 | B5: 29.7 | C5: 329 | D5: 225 | E5: 3 | F5: 1 | G5: 1 | H5: 0 | I5: 1 | J5: 0 | K5: 0 | L5: 0 | M5: 0 | N5: 0 | O5: 0 | P5: 0 | Q5: 0 | R5: 0 | S5: 0 | T5: =IF(D5>0,C5/D5,"") -> 1.4622222 | U5: =IF(C5>0,F5/C5,"") -> 0.0030395137 | V5: =IF(C5>0,B5/C5*1000,"") -> 90.273556 | W5: =IF(F5>0,B5/F5,"") -> 29.7 | X5: =IF(H5>0,B5/H5,"") | Y5: =IF(F5>0,G5/F5,"") -> 1 | Z5: =IF(G5>0,H5/G5,"") -> 0 | AA5: =IF(C5>0,I5/C5,"") -> 0.0030395137 | AB5: =IF(C5>0,N5/C5,"") -> 0 | AC5: =IF(N5>0,R5/N5,"")
A6: 45-54 | B6: 24.18 | C6: 287 | D6: 144 | E6: 5 | F6: 4 | G6: 1 | H6: 0 | I6: 5 | J6: 1 | K6: 0 | L6: 0 | M6: 0 | N6: 0 | O6: 0 | P6: 0 | Q6: 0 | R6: 0 | S6: 0 | T6: =IF(D6>0,C6/D6,"") -> 1.9930556 | U6: =IF(C6>0,F6/C6,"") -> 0.013937282 | V6: =IF(C6>0,B6/C6*1000,"") -> 84.250871 | W6: =IF(F6>0,B6/F6,"") -> 6.045 | X6: =IF(H6>0,B6/H6,"") | Y6: =IF(F6>0,G6/F6,"") -> 0.25 | Z6: =IF(G6>0,H6/G6,"") -> 0 | AA6: =IF(C6>0,I6/C6,"") -> 0.017421603 | AB6: =IF(C6>0,N6/C6,"") -> 0 | AC6: =IF(N6>0,R6/N6,"")
A7: Total | B7: =SUM(B2:B6) -> 177.45 | C7: =SUM(C2:C6) -> 1556 | E7: =SUM(E2:E6) -> 37 | F7: =SUM(F2:F6) -> 25 | G7: =SUM(G2:G6) -> 16 | H7: =SUM(H2:H6) -> 1 | I7: =SUM(I2:I6) -> 34 | J7: =SUM(J2:J6) -> 7 | K7: =SUM(K2:K6) -> 1 | L7: =SUM(L2:L6) -> 1 | ... S7: =SUM(S2:S6) -> 0 | T7: =IF(D7>0,C7/D7,"") | U7: =IF(C7>0,F7/C7,"") -> 0.016066838 | V7: =IF(C7>0,B7/C7*1000,"") -> 114.04242 | W7: =IF(F7>0,B7/F7,"") -> 7.098 | X7: =IF(H7>0,B7/H7,"") -> 177.45 | Y7: =IF(F7>0,G7/F7,"") -> 0.64 | Z7: =IF(G7>0,H7/G7,"") -> 0.0625 | AA7: =IF(C7>0,I7/C7,"") -> 0.0218509 | AB7: =IF(C7>0,N7/C7,"") -> 0 | AC7: =IF(N7>0,R7/N7,"")

Sheet Género
A1: Género | B1: Gasto (USD) | C1: Impresiones | D1: Alcance | E1: Clics (todos) | F1: Clics en enlace | G1: Landing page views | H1: Leads (Meta) | I1: Interacciones | J1: Reacciones | K1: Comentarios | L1: Compartidos | M1: Guardados | N1: Reproducciones 3 s | O1: Video 25% | P1: Video 50% | Q1: Video 75% | R1: Video 100% | S1: ThruPlay | T1: Frecuencia | U1: CTR enlace | V1: CPM (USD) | W1: CPC enlace (USD) | X1: CPL Meta (USD) | Y1: Clic → LPV | Z1: LPV → lead | AA1: Tasa de interacción | AB1: Hook rate (3 s / imp.) | AC1: Retención 100% / 3 s
A2: Hombre | B2: 100.5 | C2: 810 | D2: 517 | E2: 17 | F2: 14 | G2: 8 | H2: 1 | I2: 15 | J2: 1 | K2: 0 | L2: 0 | M2: 0 | N2: 0 | O2: 0 | P2: 0 | Q2: 0 | R2: 0 | S2: 0 | T2: =IF(D2>0,C2/D2,"") -> 1.5667311 | U2: =IF(C2>0,F2/C2,"") -> 0.017283951 | V2: =IF(C2>0,B2/C2*1000,"") -> 124.07407 | W2: =IF(F2>0,B2/F2,"") -> 7.1785714 | X2: =IF(H2>0,B2/H2,"") -> 100.5 | Y2: =IF(F2>0,G2/F2,"") -> 0.57142857 | Z2: =IF(G2>0,H2/G2,"") -> 0.125 | AA2: =IF(C2>0,I2/C2,"") -> 0.018518519 | AB2: =IF(C2>0,N2/C2,"") -> 0 | AC2: =IF(N2>0,R2/N2,"")
A3: Mujer | B3: 76.44 | C3: 733 | D3: 402 | E3: 20 | F3: 11 | G3: 8 | H3: 0 | I3: 19 | J3: 6 | K3: 1 | L3: 1 | M3: 0 | N3: 0 | O3: 0 | P3: 0 | Q3: 0 | R3: 0 | S3: 0 | T3: =IF(D3>0,C3/D3,"") -> 1.8233831 | U3: =IF(C3>0,F3/C3,"") -> 0.015006821 | V3: =IF(C3>0,B3/C3*1000,"") -> 104.28377 | W3: =IF(F3>0,B3/F3,"") -> 6.9490909 | X3: =IF(H3>0,B3/H3,"") | Y3: =IF(F3>0,G3/F3,"") -> 0.72727273 | Z3: =IF(G3>0,H3/G3,"") -> 0 | AA3: =IF(C3>0,I3/C3,"") -> 0.025920873 | AB3: =IF(C3>0,N3/C3,"") -> 0 | AC3: =IF(N3>0,R3/N3,"")
A4: Sin dato | B4: 0.51 | C4: 13 | D4: 12 | E4: 0 | F4: 0 | G4: 0 | H4: 0 | I4: 0 | J4: 0 | K4: 0 | L4: 0 | M4: 0 | N4: 0 | O4: 0 | P4: 0 | Q4: 0 | R4: 0 | S4: 0 | T4: =IF(D4>0,C4/D4,"") -> 1.0833333 | U4: =IF(C4>0,F4/C4,"") -> 0 | V4: =IF(C4>0,B4/C4*1000,"") -> 39.230769 | W4: =IF(F4>0,B4/F4,"") | X4: =IF(H4>0,B4/H4,"") | Y4: =IF(F4>0,G4/F4,"") | Z4: =IF(G4>0,H4/G4,"") | AA4: =IF(C4>0,I4/C4,"") -> 0 | AB4: =IF(C4>0,N4/C4,"") -> 0 | AC4: =IF(N4>0,R4/N4,"")
A5: Total | B5: =SUM(B2:B4) -> 177.45 | C5: =SUM(C2:C4) -> 1556 | E5: =SUM(E2:E4) -> 37 | F5: =SUM(F2:F4) -> 25 | G5: =SUM(G2:G4) -> 16 | H5: =SUM(H2:H4) -> 1 | I5: =SUM(I2:I4) -> 34 | J5: =SUM(J2:J4) -> 7 | K5: =SUM(K2:K4) -> 1 | L5: =SUM(L2:L4) -> 1 | ... S5: =SUM(S2:S4) -> 0 | T5: =IF(D5>0,C5/D5,"") | U5: =IF(C5>0,F5/C5,"") -> 0.016066838 | V5: =IF(C5>0,B5/C5*1000,"") -> 114.04242 | W5: =IF(F5>0,B5/F5,"") -> 7.098 | X5: =IF(H5>0,B5/H5,"") -> 177.45 | Y5: =IF(F5>0,G5/F5,"") -> 0.64 | Z5: =IF(G5>0,H5/G5,"") -> 0.0625 | AA5: =IF(C5>0,I5/C5,"") -> 0.0218509 | AB5: =IF(C5>0,N5/C5,"") -> 0 | AC5: =IF(N5>0,R5/N5,"")

Sheet Edad x Género
A1: Edad | B1: Género | C1: Gasto (USD) | D1: Impresiones | E1: Alcance | F1: Clics (todos) | G1: Clics en enlace | H1: Landing page views | I1: Leads (Meta) | J1: Interacciones | K1: Reacciones | L1: Comentarios | M1: Compartidos | N1: Guardados | O1: Reproducciones 3 s | P1: Video 25% | Q1: Video 50% | R1: Video 75% | S1: Video 100% | T1: ThruPlay | U1: Frecuencia | V1: CTR enlace | W1: CPM (USD) | X1: CPC enlace (USD) | Y1: CPL Meta (USD) | Z1: Clic → LPV | AA1: LPV → lead | AB1: Tasa de interacción | AC1: Hook rate (3 s / imp.) | AD1: Retención 100% / 3 s
A2: 65+ | B2: Hombre | C2: 32.46 | D2: 164 | E2: 109 | F2: 1 | G2: 1 | H2: 1 | I2: 0 | J2: 1 | K2: 0 | L2: 0 | M2: 0 | N2: 0 | O2: 0 | P2: 0 | Q2: 0 | R2: 0 | S2: 0 | T2: 0 | U2: =IF(E2>0,D2/E2,"") -> 1.5045872 | V2: =IF(D2>0,G2/D2,"") -> 0.006097561 | W2: =IF(D2>0,C2/D2*1000,"") -> 197.92683 | X2: =IF(G2>0,C2/G2,"") -> 32.46 | Y2: =IF(I2>0,C2/I2,"") | Z2: =IF(G2>0,H2/G2,"") -> 1 | AA2: =IF(H2>0,I2/H2,"") -> 0 | AB2: =IF(D2>0,J2/D2,"") -> 0.006097561 | AC2: =IF(D2>0,O2/D2,"") -> 0 | AD2: =IF(O2>0,S2/O2,"")
A3: 65+ | B3: Mujer | C3: 21.18 | D3: 103 | E3: 71 | F3: 4 | G3: 3 | H3: 3 | I3: 0 | J3: 4 | K3: 1 | L3: 0 | M3: 0 | N3: 0 | O3: 0 | P3: 0 | Q3: 0 | R3: 0 | S3: 0 | T3: 0 | U3: =IF(E3>0,D3/E3,"") -> 1.4507042 | V3: =IF(D3>0,G3/D3,"") -> 0.029126214 | W3: =IF(D3>0,C3/D3*1000,"") -> 205.63107 | X3: =IF(G3>0,C3/G3,"") -> 7.06 | Y3: =IF(I3>0,C3/I3,"") | Z3: =IF(G3>0,H3/G3,"") -> 1 | AA3: =IF(H3>0,I3/H3,"") -> 0 | AB3: =IF(D3>0,J3/D3,"") -> 0.038834951 | AC3: =IF(D3>0,O3/D3,"") -> 0 | AD3: =IF(O3>0,S3/O3,"")
A4: 25-34 | B4: Hombre | C4: 19.94 | D4: 192 | E4: 114 | F4: 7 | G4: 5 | H4: 2 | I4: 1 | J4: 6 | K4: 1 | L4: 0 | M4: 0 | N4: 0 | O4: 0 | P4: 0 | Q4: 0 | R4: 0 | S4: 0 | T4: 0 | U4: =IF(E4>0,D4/E4,"") -> 1.6842105 | V4: =IF(D4>0,G4/D4,"") -> 0.026041667 | W4: =IF(D4>0,C4/D4*1000,"") -> 103.85417 | X4: =IF(G4>0,C4/G4,"") -> 3.988 | Y4: =IF(I4>0,C4/I4,"") -> 19.94 | Z4: =IF(G4>0,H4/G4,"") -> 0.4 | AA4: =IF(H4>0,I4/H4,"") -> 0.5 | AB4: =IF(D4>0,J4/D4,"") -> 0.03125 | AC4: =IF(D4>0,O4/D4,"") -> 0 | AD4: =IF(O4>0,S4/O4,"")
A5: 55-64 | B5: Hombre | C5: 19.92 | D5: 169 | E5: 101 | F5: 6 | G5: 6 | H5: 5 | I5: 0 | J5: 6 | K5: 0 | L5: 0 | M5: 0 | N5: 0 | O5: 0 | P5: 0 | Q5: 0 | R5: 0 | S5: 0 | T5: 0 | U5: =IF(E5>0,D5/E5,"") -> 1.6732673 | V5: =IF(D5>0,G5/D5,"") -> 0.035502959 | W5: =IF(D5>0,C5/D5*1000,"") -> 117.86982 | X5: =IF(G5>0,C5/G5,"") -> 3.32 | Y5: =IF(I5>0,C5/I5,"") | Z5: =IF(G5>0,H5/G5,"") -> 0.83333333 | AA5: =IF(H5>0,I5/H5,"") -> 0 | AB5: =IF(D5>0,J5/D5,"") -> 0.035502959 | AC5: =IF(D5>0,O5/D5,"") -> 0 | AD5: =IF(O5>0,S5/O5,"")
A6: 55-64 | B6: Mujer | C6: 16 | D6: 91 | E6: 53 | F6: 5 | G6: 2 | H6: 1 | I6: 0 | J6: 4 | K6: 2 | L6: 0 | M6: 0 | N6: 0 | O6: 0 | P6: 0 | Q6: 0 | R6: 0 | S6: 0 | T6: 0 | U6: =IF(E6>0,D6/E6,"") -> 1.7169811 | V6: =IF(D6>0,G6/D6,"") -> 0.021978022 | W6: =IF(D6>0,C6/D6*1000,"") -> 175.82418 | X6: =IF(G6>0,C6/G6,"") -> 8 | Y6: =IF(I6>0,C6/I6,"") | Z6: =IF(G6>0,H6/G6,"") -> 0.5 | AA6: =IF(H6>0,I6/H6,"") -> 0 | AB6: =IF(D6>0,J6/D6,"") -> 0.043956044 | AC6: =IF(D6>0,O6/D6,"") -> 0 | AD6: =IF(O6>0,S6/O6,"")
A7: 35-44 | B7: Mujer | C7: 14.86 | D7: 172 | E7: 107 | F7: 3 | G7: 1 | H7: 1 | I7: 0 | J7: 1 | K7: 0 | L7: 0 | M7: 0 | N7: 0 | O7: 0 | P7: 0 | Q7: 0 | R7: 0 | S7: 0 | T7: 0 | U7: =IF(E7>0,D7/E7,"") -> 1.6074766 | V7: =IF(D7>0,G7/D7,"") -> 0.0058139535 | W7: =IF(D7>0,C7/D7*1000,"") -> 86.395349 | X7: =IF(G7>0,C7/G7,"") -> 14.86 | Y7: =IF(I7>0,C7/I7,"") | Z7: =IF(G7>0,H7/G7,"") -> 1 | AA7: =IF(H7>0,I7/H7,"") -> 0 | AB7: =IF(D7>0,J7/D7,"") -> 0.0058139535 | AC7: =IF(D7>0,O7/D7,"") -> 0 | AD7: =IF(O7>0,S7/O7,"")
A8: 35-44 | B8: Hombre | C8: 14.83 | D8: 156 | E8: 117 | F8: 0 | G8: 0 | H8: 0 | I8: 0 | J8: 0 | K8: 0 | L8: 0 | M8: 0 | N8: 0 | O8: 0 | P8: 0 | Q8: 0 | R8: 0 | S8: 0 | T8: 0 | U8: =IF(E8>0,D8/E8,"") -> 1.3333333 | V8: =IF(D8>0,G8/D8,"") -> 0 | W8: =IF(D8>0,C8/D8*1000,"") -> 95.064103 | X8: =IF(G8>0,C8/G8,"") | Y8: =IF(I8>0,C8/I8,"") | Z8: =IF(G8>0,H8/G8,"") | AA8: =IF(H8>0,I8/H8,"") | AB8: =IF(D8>0,J8/D8,"") -> 0 | AC8: =IF(D8>0,O8/D8,"") -> 0 | AD8: =IF(O8>0,S8/O8,"")
A9: 25-34 | B9: Mujer | C9: 13.69 | D9: 213 | E9: 112 | F9: 6 | G9: 3 | H9: 2 | I9: 0 | J9: 7 | K9: 2 | L9: 1 | M9: 1 | N9: 0 | O9: 0 | P9: 0 | Q9: 0 | R9: 0 | S9: 0 | T9: 0 | U9: =IF(E9>0,D9/E9,"") -> 1.9017857 | V9: =IF(D9>0,G9/D9,"") -> 0.014084507 | W9: =IF(D9>0,C9/D9*1000,"") -> 64.2723 | X9: =IF(G9>0,C9/G9,"") -> 4.5633333 | Y9: =IF(I9>0,C9/I9,"") | Z9: =IF(G9>0,H9/G9,"") -> 0.66666667 | AA9: =IF(H9>0,I9/H9,"") -> 0 | AB9: =IF(D9>0,J9/D9,"") -> 0.03286385 | AC9: =IF(D9>0,O9/D9,"") -> 0 | AD9: =IF(O9>0,S9/O9,"")
A10: 45-54 | B10: Hombre | C10: 13.35 | D10: 129 | E10: 75 | F10: 3 | G10: 2 | H10: 0 | I10: 0 | J10: 2 | K10: 0 | L10: 0 | M10: 0 | N10: 0 | O10: 0 | P10: 0 | Q10: 0 | R10: 0 | S10: 0 | T10: 0 | U10: =IF(E10>0,D10/E10,"") -> 1.72 | V10: =IF(D10>0,G10/D10,"") -> 0.015503876 | W10: =IF(D10>0,C10/D10*1000,"") -> 103.48837 | X10: =IF(G10>0,C10/G10,"") -> 6.675 | Y10: =IF(I10>0,C10/I10,"") | Z10: =IF(G10>0,H10/G10,"") -> 0 | AA10: =IF(H10>0,I10/H10,"") | AB10: =IF(D10>0,J10/D10,"") -> 0.015503876 | AC10: =IF(D10>0,O10/D10,"") -> 0 | AD10: =IF(O10>0,S10/O10,"")
A11: 45-54 | B11: Mujer | C11: 10.71 | D11: 154 | E11: 66 | F11: 2 | G11: 2 | H11: 1 | I11: 0 | J11: 3 | K11: 1 | L11: 0 | M11: 0 | N11: 0 | O11: 0 | P11: 0 | Q11: 0 | R11: 0 | S11: 0 | T11: 0 | U11: =IF(E11>0,D11/E11,"") -> 2.3333333 | V11: =IF(D11>0,G11/D11,"") -> 0.012987013 | W11: =IF(D11>0,C11/D11*1000,"") -> 69.545455 | X11: =IF(G11>0,C11/G11,"") -> 5.355 | Y11: =IF(I11>0,C11/I11,"") | Z11: =IF(G11>0,H11/G11,"") -> 0.5 | AA11: =IF(H11>0,I11/H11,"") -> 0 | AB11: =IF(D11>0,J11/D11,"") -> 0.019480519 | AC11: =IF(D11>0,O11/D11,"") -> 0 | AD11: =IF(O11>0,S11/O11,"")
A12: 55-64 | B12: Sin dato | C12: 0.25 | D12: 3 | E12: 3 | F12: 0 | G12: 0 | H12: 0 | I12: 0 | J12: 0 | K12: 0 | L12: 0 | M12: 0 | N12: 0 | O12: 0 | P12: 0 | Q12: 0 | R12: 0 | S12: 0 | T12: 0 | U12: =IF(E12>0,D12/E12,"") -> 1 | V12: =IF(D12>0,G12/D12,"") -> 0 | W12: =IF(D12>0,C12/D12*1000,"") -> 83.333333 | X12: =IF(G12>0,C12/G12,"") | Y12: =IF(I12>0,C12/I12,"") | Z12: =IF(G12>0,H12/G12,"") | AA12: =IF(H12>0,I12/H12,"") | AB12: =IF(D12>0,J12/D12,"") -> 0 | AC12: =IF(D12>0,O12/D12,"") -> 0 | AD12: =IF(O12>0,S12/O12,"")
A13: 45-54 | B13: Sin dato | C13: 0.12 | D13: 4 | E13: 3 | F13: 0 | G13: 0 | H13: 0 | I13: 0 | J13: 0 | K13: 0 | L13: 0 | M13: 0 | N13: 0 | O13: 0 | P13: 0 | Q13: 0 | R13: 0 | S13: 0 | T13: 0 | U13: =IF(E13>0,D13/E13,"") -> 1.3333333 | V13: =IF(D13>0,G13/D13,"") -> 0 | W13: =IF(D13>0,C13/D13*1000,"") -> 30 | X13: =IF(G13>0,C13/G13,"") | Y13: =IF(I13>0,C13/I13,"") | Z13: =IF(G13>0,H13/G13,"") | AA13: =IF(H13>0,I13/H13,"") | AB13: =IF(D13>0,J13/D13,"") -> 0 | AC13: =IF(D13>0,O13/D13,"") -> 0 | AD13: =IF(O13>0,S13/O13,"")
... A16: 35-44 | B16: Sin dato | C16: 0.01 | D16: 1 | E16: 1 | F16: 0 | G16: 0 | H16: 0 | I16: 0 | J16: 0 | K16: 0 | L16: 0 | M16: 0 | N16: 0 | O16: 0 | P16: 0 | Q16: 0 | R16: 0 | S16: 0 | T16: 0 | U16: =IF(E16>0,D16/E16,"") -> 1 | V16: =IF(D16>0,G16/D16,"") -> 0 | W16: =IF(D16>0,C16/D16*1000,"") -> 10 | X16: =IF(G16>0,C16/G16,"") | Y16: =IF(I16>0,C16/I16,"") | Z16: =IF(G16>0,H16/G16,"") | AA16: =IF(H16>0,I16/H16,"") | AB16: =IF(D16>0,J16/D16,"") -> 0 | AC16: =IF(D16>0,O16/D16,"") -> 0 | AD16: =IF(O16>0,S16/O16,"")
A17: Total | C17: =SUM(C2:C16) -> 177.45 | D17: =SUM(D2:D16) -> 1556 | F17: =SUM(F2:F16) -> 37 | G17: =SUM(G2:G16) -> 25 | H17: =SUM(H2:H16) -> 16 | I17: =SUM(I2:I16) -> 1 | J17: =SUM(J2:J16) -> 34 | K17: =SUM(K2:K16) -> 7 | L17: =SUM(L2:L16) -> 1 | M17: =SUM(M2:M16) -> 1 | ... T17: =SUM(T2:T16) -> 0 | U17: =IF(E17>0,D17/E17,"") | V17: =IF(D17>0,G17/D17,"") -> 0.016066838 | W17: =IF(D17>0,C17/D17*1000,"") -> 114.04242 | X17: =IF(G17>0,C17/G17,"") -> 7.098 | Y17: =IF(I17>0,C17/I17,"") -> 177.45 | Z17: =IF(G17>0,H17/G17,"") -> 0.64 | AA17: =IF(H17>0,I17/H17,"") -> 0.0625 | AB17: =IF(D17>0,J17/D17,"") -> 0.0218509 | AC17: =IF(D17>0,O17/D17,"") -> 0 | AD17: =IF(O17>0,S17/O17,"")

Sheet Estado
A1: Estado (EE. UU.) | B1: Gasto (USD) | C1: Impresiones | D1: Alcance | E1: Clics (todos) | F1: Clics en enlace | G1: Landing page views | H1: Leads (Meta) | I1: Interacciones | J1: Reacciones | K1: Comentarios | L1: Compartidos | M1: Guardados | N1: Reproducciones 3 s | O1: Video 25% | P1: Video 50% | Q1: Video 75% | R1: Video 100% | S1: ThruPlay | T1: Frecuencia | U1: CTR enlace | V1: CPM (USD) | W1: CPC enlace (USD) | X1: CPL Meta (USD) | Y1: Clic → LPV | Z1: LPV → lead | AA1: Tasa de interacción | AB1: Hook rate (3 s / imp.) | AC1: Retención 100% / 3 s
A2: New York | B2: 131.55 | C2: 1100 | D2: 685 | E2: 28 | F2: 17 | G2: 0 | H2: 0 | I2: 23 | J2: 5 | K2: 1 | L2: 0 | M2: 0 | N2: 0 | O2: 0 | P2: 0 | Q2: 0 | R2: 0 | S2: 0 | T2: =IF(D2>0,C2/D2,"") -> 1.6058394 | U2: =IF(C2>0,F2/C2,"") -> 0.015454545 | V2: =IF(C2>0,B2/C2*1000,"") -> 119.59091 | W2: =IF(F2>0,B2/F2,"") -> 7.7382353 | X2: =IF(H2>0,B2/H2,"") | Y2: =IF(F2>0,G2/F2,"") -> 0 | Z2: =IF(G2>0,H2/G2,"") | AA2: =IF(C2>0,I2/C2,"") -> 0.020909091 | AB2: =IF(C2>0,N2/C2,"") -> 0 | AC2: =IF(N2>0,R2/N2,"")
A3: Pennsylvania | B3: 26.59 | C3: 225 | D3: 151 | E3: 5 | F3: 4 | G3: 0 | H3: 0 | I3: 5 | J3: 1 | K3: 0 | L3: 0 | M3: 0 | N3: 0 | O3: 0 | P3: 0 | Q3: 0 | R3: 0 | S3: 0 | T3: =IF(D3>0,C3/D3,"") -> 1.4900662 | U3: =IF(C3>0,F3/C3,"") -> 0.017777778 | V3: =IF(C3>0,B3/C3*1000,"") -> 118.17778 | W3: =IF(F3>0,B3/F3,"") -> 6.6475 | X3: =IF(H3>0,B3/H3,"") | Y3: =IF(F3>0,G3/F3,"") -> 0 | Z3: =IF(G3>0,H3/G3,"") | AA3: =IF(C3>0,I3/C3,"") -> 0.022222222 | AB3: =IF(C3>0,N3/C3,"") -> 0 | AC3: =IF(N3>0,R3/N3,"")
A4: New Jersey | B4: 19.19 | C4: 230 | D4: 105 | E4: 4 | F4: 4 | G4: 0 | H4: 0 | I4: 6 | J4: 1 | K4: 0 | L4: 1 | M4: 0 | N4: 0 | O4: 0 | P4: 0 | Q4: 0 | R4: 0 | S4: 0 | T4: =IF(D4>0,C4/D4,"") -> 2.1904762 | U4: =IF(C4>0,F4/C4,"") -> 0.017391304 | V4: =IF(C4>0,B4/C4*1000,"") -> 83.434783 | W4: =IF(F4>0,B4/F4,"") -> 4.7975 | X4: =IF(H4>0,B4/H4,"") | Y4: =IF(F4>0,G4/F4,"") -> 0 | Z4: =IF(G4>0,H4/G4,"") | AA4: =IF(C4>0,I4/C4,"") -> 0.026086957 | AB4: =IF(C4>0,N4/C4,"") -> 0 | AC4: =IF(N4>0,R4/N4,"")
A5: Washington, District of Columbia | B5: 0.12 | C5: 1 | D5: 1 | E5: 0 | F5: 0 | G5: 0 | H5: 0 | I5: 0 | J5: 0 | K5: 0 | L5: 0 | M5: 0 | N5: 0 | O5: 0 | P5: 0 | Q5: 0 | R5: 0 | S5: 0 | T5: =IF(D5>0,C5/D5,"") -> 1 | U5: =IF(C5>0,F5/C5,"") -> 0 | V5: =IF(C5>0,B5/C5*1000,"") -> 120 | W5: =IF(F5>0,B5/F5,"") | X5: =IF(H5>0,B5/H5,"") | Y5: =IF(F5>0,G5/F5,"") | Z5: =IF(G5>0,H5/G5,"") | AA5: =IF(C5>0,I5/C5,"") -> 0 | AB5: =IF(C5>0,N5/C5,"") -> 0 | AC5: =IF(N5>0,R5/N5,"")
A6: Total | B6: =SUM(B2:B5) -> 177.45 | C6: =SUM(C2:C5) -> 1556 | E6: =SUM(E2:E5) -> 37 | F6: =SUM(F2:F5) -> 25 | G6: =SUM(G2:G5) -> 0 | H6: =SUM(H2:H5) -> 0 | I6: =SUM(I2:I5) -> 34 | J6: =SUM(J2:J5) -> 7 | K6: =SUM(K2:K5) -> 1 | L6: =SUM(L2:L5) -> 1 | ... S6: =SUM(S2:S5) -> 0 | T6: =IF(D6>0,C6/D6,"") | U6: =IF(C6>0,F6/C6,"") -> 0.016066838 | V6: =IF(C6>0,B6/C6*1000,"") -> 114.04242 | W6: =IF(F6>0,B6/F6,"") -> 7.098 | X6: =IF(H6>0,B6/H6,"") | Y6: =IF(F6>0,G6/F6,"") -> 0 | Z6: =IF(G6>0,H6/G6,"") | AA6: =IF(C6>0,I6/C6,"") -> 0.0218509 | AB6: =IF(C6>0,N6/C6,"") -> 0 | AC6: =IF(N6>0,R6/N6,"")
A8: Meta no reporta landing page views ni leads por estado (restricción de privacidad): esas columnas salen en 0.

Sheet Placement
A1: Plataforma | B1: Posición | C1: Gasto (USD) | D1: Impresiones | E1: Alcance | F1: Clics (todos) | G1: Clics en enlace | H1: Landing page views | I1: Leads (Meta) | J1: Interacciones | K1: Reacciones | L1: Comentarios | M1: Compartidos | N1: Guardados | O1: Reproducciones 3 s | P1: Video 25% | Q1: Video 50% | R1: Video 75% | S1: Video 100% | T1: ThruPlay | U1: Frecuencia | V1: CTR enlace | W1: CPM (USD) | X1: CPC enlace (USD) | Y1: CPL Meta (USD) | Z1: Clic → LPV | AA1: LPV → lead | AB1: Tasa de interacción | AC1: Hook rate (3 s / imp.) | AD1: Retención 100% / 3 s
A2: instagram | B2: feed | C2: 42.84 | D2: 413 | E2: 284 | F2: 7 | G2: 4 | H2: 2 | I2: 1 | J2: 6 | K2: 1 | L2: 0 | M2: 1 | N2: 0 | O2: 0 | P2: 0 | Q2: 0 | R2: 0 | S2: 0 | T2: 0 | U2: =IF(E2>0,D2/E2,"") -> 1.4542254 | V2: =IF(D2>0,G2/D2,"") -> 0.00968523 | W2: =IF(D2>0,C2/D2*1000,"") -> 103.72881 | X2: =IF(G2>0,C2/G2,"") -> 10.71 | Y2: =IF(I2>0,C2/I2,"") -> 42.84 | Z2: =IF(G2>0,H2/G2,"") -> 0.5 | AA2: =IF(H2>0,I2/H2,"") -> 0.5 | AB2: =IF(D2>0,J2/D2,"") -> 0.014527845 | AC2: =IF(D2>0,O2/D2,"") -> 0 | AD2: =IF(O2>0,S2/O2,"")
A3: facebook | B3: feed | C3: 40.08 | D3: 330 | E3: 192 | F3: 10 | G3: 3 | H3: 1 | I3: 0 | J3: 8 | K3: 4 | L3: 1 | M3: 0 | N3: 0 | O3: 0 | P3: 0 | Q3: 0 | R3: 0 | S3: 0 | T3: 0 | U3: =IF(E3>0,D3/E3,"") -> 1.71875 | V3: =IF(D3>0,G3/D3,"") -> 0.0090909091 | W3: =IF(D3>0,C3/D3*1000,"") -> 121.45455 | X3: =IF(G3>0,C3/G3,"") -> 13.36 | Y3: =IF(I3>0,C3/I3,"") | Z3: =IF(G3>0,H3/G3,"") -> 0.33333333 | AA3: =IF(H3>0,I3/H3,"") -> 0 | AB3: =IF(D3>0,J3/D3,"") -> 0.024242424 | AC3: =IF(D3>0,O3/D3,"") -> 0 | AD3: =IF(O3>0,S3/O3,"")
A4: facebook | B4: facebook_reels | C4: 37.77 | D4: 131 | E4: 90 | F4: 5 | G4: 4 | H4: 3 | I4: 0 | J4: 5 | K4: 1 | L4: 0 | M4: 0 | N4: 0 | O4: 0 | P4: 0 | Q4: 0 | R4: 0 | S4: 0 | T4: 0 | U4: =IF(E4>0,D4/E4,"") -> 1.4555556 | V4: =IF(D4>0,G4/D4,"") -> 0.030534351 | W4: =IF(D4>0,C4/D4*1000,"") -> 288.32061 | X4: =IF(G4>0,C4/G4,"") -> 9.4425 | Y4: =IF(I4>0,C4/I4,"") | Z4: =IF(G4>0,H4/G4,"") -> 0.75 | AA4: =IF(H4>0,I4/H4,"") -> 0 | AB4: =IF(D4>0,J4/D4,"") -> 0.038167939 | AC4: =IF(D4>0,O4/D4,"") -> 0 | AD4: =IF(O4>0,S4/O4,"")
A5: instagram | B5: instagram_reels | C5: 24.37 | D5: 163 | E5: 136 | F5: 3 | G5: 3 | H5: 1 | I5: 0 | J5: 4 | K5: 1 | L5: 0 | M5: 0 | N5: 0 | O5: 0 | P5: 0 | Q5: 0 | R5: 0 | S5: 0 | T5: 0 | U5: =IF(E5>0,D5/E5,"") -> 1.1985294 | V5: =IF(D5>0,G5/D5,"") -> 0.018404908 | W5: =IF(D5>0,C5/D5*1000,"") -> 149.5092 | X5: =IF(G5>0,C5/G5,"") -> 8.1233333 | Y5: =IF(I5>0,C5/I5,"") | Z5: =IF(G5>0,H5/G5,"") -> 0.33333333 | AA5: =IF(H5>0,I5/H5,"") -> 0 | AB5: =IF(D5>0,J5/D5,"") -> 0.024539877 | AC5: =IF(D5>0,O5/D5,"") -> 0 | AD5: =IF(O5>0,S5/O5,"")
A6: facebook | B6: facebook_reels_overlay | C6: 13.13 | D6: 290 | E6: 208 | F6: 7 | G6: 7 | H6: 6 | I6: 0 | J6: 7 | K6: 0 | L6: 0 | M6: 0 | N6: 0 | O6: 0 | P6: 0 | Q6: 0 | R6: 0 | S6: 0 | T6: 0 | U6: =IF(E6>0,D6/E6,"") -> 1.3942308 | V6: =IF(D6>0,G6/D6,"") -> 0.024137931 | W6: =IF(D6>0,C6/D6*1000,"") -> 45.275862 | X6: =IF(G6>0,C6/G6,"") -> 1.8757143 | Y6: =IF(I6>0,C6/I6,"") | Z6: =IF(G6>0,H6/G6,"") -> 0.85714286 | AA6: =IF(H6>0,I6/H6,"") -> 0 | AB6: =IF(D6>0,J6/D6,"") -> 0.024137931 | AC6: =IF(D6>0,O6/D6,"") -> 0 | AD6: =IF(O6>0,S6/O6,"")
A7: instagram | B7: instagram_stories | C7: 12.62 | D7: 75 | E7: 61 | F7: 2 | G7: 1 | H7: 1 | I7: 0 | J7: 1 | K7: 0 | L7: 0 | M7: 0 | N7: 0 | O7: 0 | P7: 0 | Q7: 0 | R7: 0 | S7: 0 | T7: 0 | U7: =IF(E7>0,D7/E7,"") -> 1.2295082 | V7: =IF(D7>0,G7/D7,"") -> 0.013333333 | W7: =IF(D7>0,C7/D7*1000,"") -> 168.26667 | X7: =IF(G7>0,C7/G7,"") -> 12.62 | Y7: =IF(I7>0,C7/I7,"") | Z7: =IF(G7>0,H7/G7,"") -> 1 | AA7: =IF(H7>0,I7/H7,"") -> 0 | AB7: =IF(D7>0,J7/D7,"") -> 0.013333333 | AC7: =IF(D7>0,O7/D7,"") -> 0 | AD7: =IF(O7>0,S7/O7,"")
A8: facebook | B8: facebook_stories | C8: 2.42 | D8: 7 | E8: 7 | F8: 1 | G8: 1 | H8: 1 | I8: 0 | J8: 1 | K8: 0 | L8: 0 | M8: 0 | N8: 0 | O8: 0 | P8: 0 | Q8: 0 | R8: 0 | S8: 0 | T8: 0 | U8: =IF(E8>0,D8/E8,"") -> 1 | V8: =IF(D8>0,G8/D8,"") -> 0.14285714 | W8: =IF(D8>0,C8/D8*1000,"") -> 345.71429 | X8: =IF(G8>0,C8/G8,"") -> 2.42 | Y8: =IF(I8>0,C8/I8,"") | Z8: =IF(G8>0,H8/G8,"") -> 1 | AA8: =IF(H8>0,I8/H8,"") -> 0 | AB8: =IF(D8>0,J8/D8,"") -> 0.14285714 | AC8: =IF(D8>0,O8/D8,"") -> 0 | AD8: =IF(O8>0,S8/O8,"")
A9: facebook | B9: marketplace | C9: 1.89 | D9: 33 | E9: 10 | F9: 0 | G9: 0 | H9: 0 | I9: 0 | J9: 0 | K9: 0 | L9: 0 | M9: 0 | N9: 0 | O9: 0 | P9: 0 | Q9: 0 | R9: 0 | S9: 0 | T9: 0 | U9: =IF(E9>0,D9/E9,"") -> 3.3 | V9: =IF(D9>0,G9/D9,"") -> 0 | W9: =IF(D9>0,C9/D9*1000,"") -> 57.272727 | X9: =IF(G9>0,C9/G9,"") | Y9: =IF(I9>0,C9/I9,"") | Z9: =IF(G9>0,H9/G9,"") | AA9: =IF(H9>0,I9/H9,"") | AB9: =IF(D9>0,J9/D9,"") -> 0 | AC9: =IF(D9>0,O9/D9,"") -> 0 | AD9: =IF(O9>0,S9/O9,"")
A10: facebook | B10: right_hand_column | C10: 0.99 | D10: 90 | E10: 53 | F10: 1 | G10: 1 | H10: 1 | I10: 0 | J10: 1 | K10: 0 | L10: 0 | M10: 0 | N10: 0 | O10: 0 | P10: 0 | Q10: 0 | R10: 0 | S10: 0 | T10: 0 | U10: =IF(E10>0,D10/E10,"") -> 1.6981132 | V10: =IF(D10>0,G10/D10,"") -> 0.011111111 | W10: =IF(D10>0,C10/D10*1000,"") -> 11 | X10: =IF(G10>0,C10/G10,"") -> 0.99 | Y10: =IF(I10>0,C10/I10,"") | Z10: =IF(G10>0,H10/G10,"") -> 1 | AA10: =IF(H10>0,I10/H10,"") -> 0 | AB10: =IF(D10>0,J10/D10,"") -> 0.011111111 | AC10: =IF(D10>0,O10/D10,"") -> 0 | AD10: =IF(O10>0,S10/O10,"")
A11: facebook | B11: instream_video | C11: 0.71 | D11: 12 | E11: 11 | F11: 0 | G11: 0 | H11: 0 | I11: 0 | J11: 0 | K11: 0 | L11: 0 | M11: 0 | N11: 0 | O11: 0 | P11: 0 | Q11: 0 | R11: 0 | S11: 0 | T11: 0 | U11: =IF(E11>0,D11/E11,"") -> 1.0909091 | V11: =IF(D11>0,G11/D11,"") -> 0 | W11: =IF(D11>0,C11/D11*1000,"") -> 59.166667 | X11: =IF(G11>0,C11/G11,"") | Y11: =IF(I11>0,C11/I11,"") | Z11: =IF(G11>0,H11/G11,"") | AA11: =IF(H11>0,I11/H11,"") | AB11: =IF(D11>0,J11/D11,"") -> 0 | AC11: =IF(D11>0,O11/D11,"") -> 0 | AD11: =IF(O11>0,S11/O11,"")
A12: unknown | B12: unknown | C12: 0.34 | D12: 2 | E12: 2 | F12: 0 | G12: 0 | H12: 0 | I12: 0 | J12: 0 | K12: 0 | L12: 0 | M12: 0 | N12: 0 | O12: 0 | P12: 0 | Q12: 0 | R12: 0 | S12: 0 | T12: 0 | U12: =IF(E12>0,D12/E12,"") -> 1 | V12: =IF(D12>0,G12/D12,"") -> 0 | W12: =IF(D12>0,C12/D12*1000,"") -> 170 | X12: =IF(G12>0,C12/G12,"") | Y12: =IF(I12>0,C12/I12,"") | Z12: =IF(G12>0,H12/G12,"") | AA12: =IF(H12>0,I12/H12,"") | AB12: =IF(D12>0,J12/D12,"") -> 0 | AC12: =IF(D12>0,O12/D12,"") -> 0 | AD12: =IF(O12>0,S12/O12,"")
A13: facebook | B13: facebook_notification | C13: 0.19 | D13: 2 | E13: 2 | F13: 1 | G13: 1 | H13: 0 | I13: 0 | J13: 1 | K13: 0 | L13: 0 | M13: 0 | N13: 0 | O13: 0 | P13: 0 | Q13: 0 | R13: 0 | S13: 0 | T13: 0 | U13: =IF(E13>0,D13/E13,"") -> 1 | V13: =IF(D13>0,G13/D13,"") -> 0.5 | W13: =IF(D13>0,C13/D13*1000,"") -> 95 | X13: =IF(G13>0,C13/G13,"") -> 0.19 | Y13: =IF(I13>0,C13/I13,"") | Z13: =IF(G13>0,H13/G13,"") -> 0 | AA13: =IF(H13>0,I13/H13,"") | AB13: =IF(D13>0,J13/D13,"") -> 0.5 | AC13: =IF(D13>0,O13/D13,"") -> 0 | AD13: =IF(O13>0,S13/O13,"")
... A15: instagram | B15: instagram_explore_grid_home | C15: 0.01 | D15: 5 | E15: 5 | F15: 0 | G15: 0 | H15: 0 | I15: 0 | J15: 0 | K15: 0 | L15: 0 | M15: 0 | N15: 0 | O15: 0 | P15: 0 | Q15: 0 | R15: 0 | S15: 0 | T15: 0 | U15: =IF(E15>0,D15/E15,"") -> 1 | V15: =IF(D15>0,G15/D15,"") -> 0 | W15: =IF(D15>0,C15/D15*1000,"") -> 2 | X15: =IF(G15>0,C15/G15,"") | Y15: =IF(I15>0,C15/I15,"") | Z15: =IF(G15>0,H15/G15,"") | AA15: =IF(H15>0,I15/H15,"") | AB15: =IF(D15>0,J15/D15,"") -> 0 | AC15: =IF(D15>0,O15/D15,"") -> 0 | AD15: =IF(O15>0,S15/O15,"")
A16: Total | C16: =SUM(C2:C15) -> 177.45 | D16: =SUM(D2:D15) -> 1556 | F16: =SUM(F2:F15) -> 37 | G16: =SUM(G2:G15) -> 25 | H16: =SUM(H2:H15) -> 16 | I16: =SUM(I2:I15) -> 1 | J16: =SUM(J2:J15) -> 34 | K16: =SUM(K2:K15) -> 7 | L16: =SUM(L2:L15) -> 1 | M16: =SUM(M2:M15) -> 1 | ... T16: =SUM(T2:T15) -> 0 | U16: =IF(E16>0,D16/E16,"") | V16: =IF(D16>0,G16/D16,"") -> 0.016066838 | W16: =IF(D16>0,C16/D16*1000,"") -> 114.04242 | X16: =IF(G16>0,C16/G16,"") -> 7.098 | Y16: =IF(I16>0,C16/I16,"") -> 177.45 | Z16: =IF(G16>0,H16/G16,"") -> 0.64 | AA16: =IF(H16>0,I16/H16,"") -> 0.0625 | AB16: =IF(D16>0,J16/D16,"") -> 0.0218509 | AC16: =IF(D16>0,O16/D16,"") -> 0 | AD16: =IF(O16>0,S16/O16,"")

Sheet Dispositivo
A1: Dispositivo | B1: Gasto (USD) | C1: Impresiones | D1: Alcance | E1: Clics (todos) | F1: Clics en enlace | G1: Landing page views | H1: Leads (Meta) | I1: Interacciones | J1: Reacciones | K1: Comentarios | L1: Compartidos | M1: Guardados | N1: Reproducciones 3 s | O1: Video 25% | P1: Video 50% | Q1: Video 75% | R1: Video 100% | S1: ThruPlay | T1: Frecuencia | U1: CTR enlace | V1: CPM (USD) | W1: CPC enlace (USD) | X1: CPL Meta (USD) | Y1: Clic → LPV | Z1: LPV → lead | AA1: Tasa de interacción | AB1: Hook rate (3 s / imp.) | AC1: Retención 100% / 3 s
A2: iphone | B2: 120.56 | C2: 1100 | D2: 645 | E2: 26 | F2: 19 | G2: 13 | H2: 1 | I2: 25 | J2: 4 | K2: 1 | L2: 1 | M2: 0 | N2: 0 | O2: 0 | P2: 0 | Q2: 0 | R2: 0 | S2: 0 | T2: =IF(D2>0,C2/D2,"") -> 1.7054264 | U2: =IF(C2>0,F2/C2,"") -> 0.017272727 | V2: =IF(C2>0,B2/C2*1000,"") -> 109.6 | W2: =IF(F2>0,B2/F2,"") -> 6.3452632 | X2: =IF(H2>0,B2/H2,"") -> 120.56 | Y2: =IF(F2>0,G2/F2,"") -> 0.68421053 | Z2: =IF(G2>0,H2/G2,"") -> 0.076923077 | AA2: =IF(C2>0,I2/C2,"") -> 0.022727273 | AB2: =IF(C2>0,N2/C2,"") -> 0 | AC2: =IF(N2>0,R2/N2,"")
A3: android_smartphone | B3: 51.85 | C3: 322 | D3: 229 | E3: 10 | F3: 5 | G3: 2 | H3: 0 | I3: 8 | J3: 3 | K3: 0 | L3: 0 | M3: 0 | N3: 0 | O3: 0 | P3: 0 | Q3: 0 | R3: 0 | S3: 0 | T3: =IF(D3>0,C3/D3,"") -> 1.4061135 | U3: =IF(C3>0,F3/C3,"") -> 0.01552795 | V3: =IF(C3>0,B3/C3*1000,"") -> 161.02484 | W3: =IF(F3>0,B3/F3,"") -> 10.37 | X3: =IF(H3>0,B3/H3,"") | Y3: =IF(F3>0,G3/F3,"") -> 0.4 | Z3: =IF(G3>0,H3/G3,"") -> 0 | AA3: =IF(C3>0,I3/C3,"") -> 0.02484472 | AB3: =IF(C3>0,N3/C3,"") -> 0 | AC3: =IF(N3>0,R3/N3,"")
A4: desktop | B4: 3.86 | C4: 117 | D4: 60 | E4: 1 | F4: 1 | G4: 1 | H4: 0 | I4: 1 | J4: 0 | K4: 0 | L4: 0 | M4: 0 | N4: 0 | O4: 0 | P4: 0 | Q4: 0 | R4: 0 | S4: 0 | T4: =IF(D4>0,C4/D4,"") -> 1.95 | U4: =IF(C4>0,F4/C4,"") -> 0.0085470085 | V4: =IF(C4>0,B4/C4*1000,"") -> 32.991453 | W4: =IF(F4>0,B4/F4,"") -> 3.86 | X4: =IF(H4>0,B4/H4,"") | Y4: =IF(F4>0,G4/F4,"") -> 1 | Z4: =IF(G4>0,H4/G4,"") -> 0 | AA4: =IF(C4>0,I4/C4,"") -> 0.0085470085 | AB4: =IF(C4>0,N4/C4,"") -> 0 | AC4: =IF(N4>0,R4/N4,"")
A5: android_tablet | B5: 0.63 | C5: 5 | D5: 4 | E5: 0 | F5: 0 | G5: 0 | H5: 0 | I5: 0 | J5: 0 | K5: 0 | L5: 0 | M5: 0 | N5: 0 | O5: 0 | P5: 0 | Q5: 0 | R5: 0 | S5: 0 | T5: =IF(D5>0,C5/D5,"") -> 1.25 | U5: =IF(C5>0,F5/C5,"") -> 0 | V5: =IF(C5>0,B5/C5*1000,"") -> 126 | W5: =IF(F5>0,B5/F5,"") | X5: =IF(H5>0,B5/H5,"") | Y5: =IF(F5>0,G5/F5,"") | Z5: =IF(G5>0,H5/G5,"") | AA5: =IF(C5>0,I5/C5,"") -> 0 | AB5: =IF(C5>0,N5/C5,"") -> 0 | AC5: =IF(N5>0,R5/N5,"")
A6: other | B6: 0.34 | C6: 2 | D6: 2 | E6: 0 | F6: 0 | G6: 0 | H6: 0 | I6: 0 | J6: 0 | K6: 0 | L6: 0 | M6: 0 | N6: 0 | O6: 0 | P6: 0 | Q6: 0 | R6: 0 | S6: 0 | T6: =IF(D6>0,C6/D6,"") -> 1 | U6: =IF(C6>0,F6/C6,"") -> 0 | V6: =IF(C6>0,B6/C6*1000,"") -> 170 | W6: =IF(F6>0,B6/F6,"") | X6: =IF(H6>0,B6/H6,"") | Y6: =IF(F6>0,G6/F6,"") | Z6: =IF(G6>0,H6/G6,"") | AA6: =IF(C6>0,I6/C6,"") -> 0 | AB6: =IF(C6>0,N6/C6,"") -> 0 | AC6: =IF(N6>0,R6/N6,"")
A7: ipad | B7: 0.21 | C7: 10 | D7: 9 | E7: 0 | F7: 0 | G7: 0 | H7: 0 | I7: 0 | J7: 0 | K7: 0 | L7: 0 | M7: 0 | N7: 0 | O7: 0 | P7: 0 | Q7: 0 | R7: 0 | S7: 0 | T7: =IF(D7>0,C7/D7,"") -> 1.1111111 | U7: =IF(C7>0,F7/C7,"") -> 0 | V7: =IF(C7>0,B7/C7*1000,"") -> 21 | W7: =IF(F7>0,B7/F7,"") | X7: =IF(H7>0,B7/H7,"") | Y7: =IF(F7>0,G7/F7,"") | Z7: =IF(G7>0,H7/G7,"") | AA7: =IF(C7>0,I7/C7,"") -> 0 | AB7: =IF(C7>0,N7/C7,"") -> 0 | AC7: =IF(N7>0,R7/N7,"")
A8: Total | B8: =SUM(B2:B7) -> 177.45 | C8: =SUM(C2:C7) -> 1556 | E8: =SUM(E2:E7) -> 37 | F8: =SUM(F2:F7) -> 25 | G8: =SUM(G2:G7) -> 16 | H8: =SUM(H2:H7) -> 1 | I8: =SUM(I2:I7) -> 34 | J8: =SUM(J2:J7) -> 7 | K8: =SUM(K2:K7) -> 1 | L8: =SUM(L2:L7) -> 1 | ... S8: =SUM(S2:S7) -> 0 | T8: =IF(D8>0,C8/D8,"") | U8: =IF(C8>0,F8/C8,"") -> 0.016066838 | V8: =IF(C8>0,B8/C8*1000,"") -> 114.04242 | W8: =IF(F8>0,B8/F8,"") -> 7.098 | X8: =IF(H8>0,B8/H8,"") -> 177.45 | Y8: =IF(F8>0,G8/F8,"") -> 0.64 | Z8: =IF(G8>0,H8/G8,"") -> 0.0625 | AA8: =IF(C8>0,I8/C8,"") -> 0.0218509 | AB8: =IF(C8>0,N8/C8,"") -> 0 | AC8: =IF(N8>0,R8/N8,"")

Sheet Hora
A1: Hora (Nueva York) | B1: Gasto (USD) | C1: Impresiones | D1: Alcance | E1: Clics (todos) | F1: Clics en enlace | G1: Landing page views | H1: Leads (Meta) | I1: Interacciones | J1: Reacciones | K1: Comentarios | L1: Compartidos | M1: Guardados | N1: Reproducciones 3 s | O1: Video 25% | P1: Video 50% | Q1: Video 75% | R1: Video 100% | S1: ThruPlay | T1: Frecuencia | U1: CTR enlace | V1: CPM (USD) | W1: CPC enlace (USD) | X1: CPL Meta (USD) | Y1: Clic → LPV | Z1: LPV → lead | AA1: Tasa de interacción | AB1: Hook rate (3 s / imp.) | AC1: Retención 100% / 3 s
A2: 00:00 | B2: 2.47 | C2: 28 | E2: 2 | F2: 2 | G2: 2 | H2: 0 | I2: 2 | J2: 0 | K2: 0 | L2: 0 | M2: 0 | N2: 0 | O2: 0 | P2: 0 | Q2: 0 | R2: 0 | S2: 0 | T2: =IF(D2>0,C2/D2,"") | U2: =IF(C2>0,F2/C2,"") -> 0.071428571 | V2: =IF(C2>0,B2/C2*1000,"") -> 88.214286 | W2: =IF(F2>0,B2/F2,"") -> 1.235 | X2: =IF(H2>0,B2/H2,"") | Y2: =IF(F2>0,G2/F2,"") -> 1 | Z2: =IF(G2>0,H2/G2,"") -> 0 | AA2: =IF(C2>0,I2/C2,"") -> 0.071428571 | AB2: =IF(C2>0,N2/C2,"") -> 0 | AC2: =IF(N2>0,R2/N2,"")
A3: 01:00 | B3: 11.78 | C3: 83 | E3: 0 | F3: 0 | G3: 0 | H3: 0 | I3: 0 | J3: 0 | K3: 0 | L3: 0 | M3: 0 | N3: 0 | O3: 0 | P3: 0 | Q3: 0 | R3: 0 | S3: 0 | T3: =IF(D3>0,C3/D3,"") | U3: =IF(C3>0,F3/C3,"") -> 0 | V3: =IF(C3>0,B3/C3*1000,"") -> 141.92771 | W3: =IF(F3>0,B3/F3,"") | X3: =IF(H3>0,B3/H3,"") | Y3: =IF(F3>0,G3/F3,"") | Z3: =IF(G3>0,H3/G3,"") | AA3: =IF(C3>0,I3/C3,"") -> 0 | AB3: =IF(C3>0,N3/C3,"") -> 0 | AC3: =IF(N3>0,R3/N3,"")
A4: 02:00 | B4: 5.86 | C4: 57 | E4: 2 | F4: 2 | G4: 1 | H4: 0 | I4: 2 | J4: 0 | K4: 0 | L4: 0 | M4: 0 | N4: 0 | O4: 0 | P4: 0 | Q4: 0 | R4: 0 | S4: 0 | T4: =IF(D4>0,C4/D4,"") | U4: =IF(C4>0,F4/C4,"") -> 0.035087719 | V4: =IF(C4>0,B4/C4*1000,"") -> 102.80702 | W4: =IF(F4>0,B4/F4,"") -> 2.93 | X4: =IF(H4>0,B4/H4,"") | Y4: =IF(F4>0,G4/F4,"") -> 0.5 | Z4: =IF(G4>0,H4/G4,"") -> 0 | AA4: =IF(C4>0,I4/C4,"") -> 0.035087719 | AB4: =IF(C4>0,N4/C4,"") -> 0 | AC4: =IF(N4>0,R4/N4,"")
A5: 03:00 | B5: 2.98 | C5: 44 | E5: 3 | F5: 2 | G5: 2 | H5: 0 | I5: 2 | J5: 0 | K5: 0 | L5: 0 | M5: 0 | N5: 0 | O5: 0 | P5: 0 | Q5: 0 | R5: 0 | S5: 0 | T5: =IF(D5>0,C5/D5,"") | U5: =IF(C5>0,F5/C5,"") -> 0.045454545 | V5: =IF(C5>0,B5/C5*1000,"") -> 67.727273 | W5: =IF(F5>0,B5/F5,"") -> 1.49 | X5: =IF(H5>0,B5/H5,"") | Y5: =IF(F5>0,G5/F5,"") -> 1 | Z5: =IF(G5>0,H5/G5,"") -> 0 | AA5: =IF(C5>0,I5/C5,"") -> 0.045454545 | AB5: =IF(C5>0,N5/C5,"") -> 0 | AC5: =IF(N5>0,R5/N5,"")
A6: 04:00 | B6: 6.22 | C6: 67 | E6: 0 | F6: 0 | G6: 0 | H6: 0 | I6: 0 | J6: 0 | K6: 0 | L6: 0 | M6: 0 | N6: 0 | O6: 0 | P6: 0 | Q6: 0 | R6: 0 | S6: 0 | T6: =IF(D6>0,C6/D6,"") | U6: =IF(C6>0,F6/C6,"") -> 0 | V6: =IF(C6>0,B6/C6*1000,"") -> 92.835821 | W6: =IF(F6>0,B6/F6,"") | X6: =IF(H6>0,B6/H6,"") | Y6: =IF(F6>0,G6/F6,"") | Z6: =IF(G6>0,H6/G6,"") | AA6: =IF(C6>0,I6/C6,"") -> 0 | AB6: =IF(C6>0,N6/C6,"") -> 0 | AC6: =IF(N6>0,R6/N6,"")
A7: 05:00 | B7: 6.34 | C7: 50 | E7: 0 | F7: 0 | G7: 0 | H7: 0 | I7: 0 | J7: 0 | K7: 0 | L7: 0 | M7: 0 | N7: 0 | O7: 0 | P7: 0 | Q7: 0 | R7: 0 | S7: 0 | T7: =IF(D7>0,C7/D7,"") | U7: =IF(C7>0,F7/C7,"") -> 0 | V7: =IF(C7>0,B7/C7*1000,"") -> 126.8 | W7: =IF(F7>0,B7/F7,"") | X7: =IF(H7>0,B7/H7,"") | Y7: =IF(F7>0,G7/F7,"") | Z7: =IF(G7>0,H7/G7,"") | AA7: =IF(C7>0,I7/C7,"") -> 0 | AB7: =IF(C7>0,N7/C7,"") -> 0 | AC7: =IF(N7>0,R7/N7,"")
A8: 06:00 | B8: 10.33 | C8: 96 | E8: 2 | F8: 2 | G8: 1 | H8: 0 | I8: 3 | J8: 1 | K8: 0 | L8: 0 | M8: 0 | N8: 0 | O8: 0 | P8: 0 | Q8: 0 | R8: 0 | S8: 0 | T8: =IF(D8>0,C8/D8,"") | U8: =IF(C8>0,F8/C8,"") -> 0.020833333 | V8: =IF(C8>0,B8/C8*1000,"") -> 107.60417 | W8: =IF(F8>0,B8/F8,"") -> 5.165 | X8: =IF(H8>0,B8/H8,"") | Y8: =IF(F8>0,G8/F8,"") -> 0.5 | Z8: =IF(G8>0,H8/G8,"") -> 0 | AA8: =IF(C8>0,I8/C8,"") -> 0.03125 | AB8: =IF(C8>0,N8/C8,"") -> 0 | AC8: =IF(N8>0,R8/N8,"")
A9: 07:00 | B9: 15.75 | C9: 100 | E9: 2 | F9: 2 | G9: 0 | H9: 0 | I9: 2 | J9: 0 | K9: 0 | L9: 0 | M9: 0 | N9: 0 | O9: 0 | P9: 0 | Q9: 0 | R9: 0 | S9: 0 | T9: =IF(D9>0,C9/D9,"") | U9: =IF(C9>0,F9/C9,"") -> 0.02 | V9: =IF(C9>0,B9/C9*1000,"") -> 157.5 | W9: =IF(F9>0,B9/F9,"") -> 7.875 | X9: =IF(H9>0,B9/H9,"") | Y9: =IF(F9>0,G9/F9,"") -> 0 | Z9: =IF(G9>0,H9/G9,"") | AA9: =IF(C9>0,I9/C9,"") -> 0.02 | AB9: =IF(C9>0,N9/C9,"") -> 0 | AC9: =IF(N9>0,R9/N9,"")
A10: 08:00 | B10: 9.15 | C10: 107 | E10: 0 | F10: 0 | G10: 1 | H10: 0 | I10: 0 | J10: 0 | K10: 0 | L10: 0 | M10: 0 | N10: 0 | O10: 0 | P10: 0 | Q10: 0 | R10: 0 | S10: 0 | T10: =IF(D10>0,C10/D10,"") | U10: =IF(C10>0,F10/C10,"") -> 0 | V10: =IF(C10>0,B10/C10*1000,"") -> 85.514019 | W10: =IF(F10>0,B10/F10,"") | X10: =IF(H10>0,B10/H10,"") | Y10: =IF(F10>0,G10/F10,"") | Z10: =IF(G10>0,H10/G10,"") -> 0 | AA10: =IF(C10>0,I10/C10,"") -> 0 | AB10: =IF(C10>0,N10/C10,"") -> 0 | AC10: =IF(N10>0,R10/N10,"")
A11: 09:00 | B11: 10.07 | C11: 99 | E11: 3 | F11: 1 | G11: 1 | H11: 0 | I11: 3 | J11: 1 | K11: 1 | L11: 0 | M11: 0 | N11: 0 | O11: 0 | P11: 0 | Q11: 0 | R11: 0 | S11: 0 | T11: =IF(D11>0,C11/D11,"") | U11: =IF(C11>0,F11/C11,"") -> 0.01010101 | V11: =IF(C11>0,B11/C11*1000,"") -> 101.71717 | W11: =IF(F11>0,B11/F11,"") -> 10.07 | X11: =IF(H11>0,B11/H11,"") | Y11: =IF(F11>0,G11/F11,"") -> 1 | Z11: =IF(G11>0,H11/G11,"") -> 0 | AA11: =IF(C11>0,I11/C11,"") -> 0.03030303 | AB11: =IF(C11>0,N11/C11,"") -> 0 | AC11: =IF(N11>0,R11/N11,"")
A12: 10:00 | B12: 18.61 | C12: 119 | E12: 6 | F12: 4 | G12: 2 | H12: 0 | I12: 4 | J12: 0 | K12: 0 | L12: 0 | M12: 0 | N12: 0 | O12: 0 | P12: 0 | Q12: 0 | R12: 0 | S12: 0 | T12: =IF(D12>0,C12/D12,"") | U12: =IF(C12>0,F12/C12,"") -> 0.033613445 | V12: =IF(C12>0,B12/C12*1000,"") -> 156.38655 | W12: =IF(F12>0,B12/F12,"") -> 4.6525 | X12: =IF(H12>0,B12/H12,"") | Y12: =IF(F12>0,G12/F12,"") -> 0.5 | Z12: =IF(G12>0,H12/G12,"") -> 0 | AA12: =IF(C12>0,I12/C12,"") -> 0.033613445 | AB12: =IF(C12>0,N12/C12,"") -> 0 | AC12: =IF(N12>0,R12/N12,"")
A13: 11:00 | B13: 13.69 | C13: 98 | E13: 1 | F13: 0 | G13: 0 | H13: 0 | I13: 0 | J13: 0 | K13: 0 | L13: 0 | M13: 0 | N13: 0 | O13: 0 | P13: 0 | Q13: 0 | R13: 0 | S13: 0 | T13: =IF(D13>0,C13/D13,"") | U13: =IF(C13>0,F13/C13,"") -> 0 | V13: =IF(C13>0,B13/C13*1000,"") -> 139.69388 | W13: =IF(F13>0,B13/F13,"") | X13: =IF(H13>0,B13/H13,"") | Y13: =IF(F13>0,G13/F13,"") | Z13: =IF(G13>0,H13/G13,"") | AA13: =IF(C13>0,I13/C13,"") -> 0 | AB13: =IF(C13>0,N13/C13,"") -> 0 | AC13: =IF(N13>0,R13/N13,"")
... A25: 23:00 | B25: 4.39 | C25: 20 | E25: 2 | F25: 1 | G25: 0 | H25: 0 | I25: 2 | J25: 1 | K25: 0 | L25: 0 | M25: 0 | N25: 0 | O25: 0 | P25: 0 | Q25: 0 | R25: 0 | S25: 0 | T25: =IF(D25>0,C25/D25,"") | U25: =IF(C25>0,F25/C25,"") -> 0.05 | V25: =IF(C25>0,B25/C25*1000,"") -> 219.5 | W25: =IF(F25>0,B25/F25,"") -> 4.39 | X25: =IF(H25>0,B25/H25,"") | Y25: =IF(F25>0,G25/F25,"") -> 0 | Z25: =IF(G25>0,H25/G25,"") | AA25: =IF(C25>0,I25/C25,"") -> 0.1 | AB25: =IF(C25>0,N25/C25,"") -> 0 | AC25: =IF(N25>0,R25/N25,"")
A26: Total | B26: =SUM(B2:B25) -> 177.45 | C26: =SUM(C2:C25) -> 1556 | E26: =SUM(E2:E25) -> 37 | F26: =SUM(F2:F25) -> 25 | G26: =SUM(G2:G25) -> 16 | H26: =SUM(H2:H25) -> 1 | I26: =SUM(I2:I25) -> 34 | J26: =SUM(J2:J25) -> 7 | K26: =SUM(K2:K25) -> 1 | L26: =SUM(L2:L25) -> 1 | ... S26: =SUM(S2:S25) -> 0 | T26: =IF(D26>0,C26/D26,"") | U26: =IF(C26>0,F26/C26,"") -> 0.016066838 | V26: =IF(C26>0,B26/C26*1000,"") -> 114.04242 | W26: =IF(F26>0,B26/F26,"") -> 7.098 | X26: =IF(H26>0,B26/H26,"") -> 177.45 | Y26: =IF(F26>0,G26/F26,"") -> 0.64 | Z26: =IF(G26>0,H26/G26,"") -> 0.0625 | AA26: =IF(C26>0,I26/C26,"") -> 0.0218509 | AB26: =IF(C26>0,N26/C26,"") -> 0 | AC26: =IF(N26>0,R26/N26,"")
A28: Meta no entrega alcance por hora.

Sheet Calidad de leads
A1: Fecha (UTC) | B1: Anuncio de origen | C1: Hiring or job seeking | D1: Vertical | E1: Agendó | F1: Clasificación
A2: 2026-10-23 | B2: (sin utm) | E2: No | F2: Sin respuesta
A3: 2026-10-23 | B3: 🔵 H5 Phones While In Court - Hyperlocal - 2026 Oct | C3: I'm looking for a job. | D3: Other business | E3: No | F3: No calificado
A4: 2026-10-23 | B4: (sin utm) | E4: No | F4: Sin respuesta
A5: 2026-10-23 | B5: (sin utm) | E5: No | F5: Sin respuesta
A6: 2026-10-25 | B6: (sin utm) | E6: No | F6: Sin respuesta
A8: Calificados | B8: =COUNTIF(F2:F6,"Calificado") -> 0
A9: No calificados | B9: =COUNTIF(F2:F6,"No calificado") -> 1
A10: % no calificados (con respuesta) | B10: =IF(B8+B9>0,B9/(B8+B9),"") -> 1
A11: Fuente: GHL (ghl-2026-10-26.json), contactos creados entre 2026-10-19 y 2026-10-25, sin datos personales. Excluye importaciones de Mailchimp.
